time (days since 1610-01-01),wavelength (nm),irradiance (W/m^2/nm)
151757.0,0.5,1.994836020458024E-5
151757.0,1.5,1.9483204232528806E-4
151757.0,2.5,6.713328184559941E-5
151757.0,3.5,3.892653694492765E-5
151757.0,4.5,6.203822704264894E-5
151757.0,5.5,5.371731458581053E-5
151757.0,6.5,1.4343488146550953E-4
151757.0,7.5,9.986969962483272E-5
151757.0,8.5,9.120960748987272E-5
151757.0,9.5,7.137763896025717E-5
151757.0,10.5,5.1220682507846504E-5
151757.0,11.5,3.2712214306229725E-5
151757.0,12.5,1.8073122191708535E-5
151757.0,13.5,1.8532551621319726E-5
151757.0,14.5,3.9908296457724646E-5
151757.0,15.5,4.079223072039895E-5
151757.0,16.5,5.6309370847884566E-5
151757.0,17.5,3.2547322916798294E-4
151757.0,18.5,2.7716814656741917E-4
151757.0,19.5,2.3035875346977264E-4
151757.0,20.5,1.7106611630879343E-4
151757.0,21.5,1.2436222459655255E-4
151757.0,22.5,1.393445418216288E-4
151757.0,23.5,7.930773426778615E-5
151757.0,24.5,1.0134154581464827E-4
151757.0,25.5,1.729643263388425E-4
151757.0,26.5,5.709391552954912E-5
151757.0,27.5,6.158542964840308E-5
151757.0,28.5,1.219033365487121E-4
151757.0,29.5,2.9919363441877067E-5
151757.0,30.5,6.864020833745599E-4
151757.0,31.5,5.3417024901136756E-5
151757.0,32.5,2.0614566892618313E-5
151757.0,33.5,1.671468635322526E-4
151757.0,34.5,7.497842307202518E-5
151757.0,35.5,6.77158750477247E-5
151757.0,36.5,1.3616043725050986E-4
151757.0,37.5,8.306294148496818E-6
151757.0,38.5,9.8045238701161E-6
151757.0,39.5,6.6368224906909745E-6
151757.0,40.5,1.1241545507800765E-5
151757.0,41.5,1.6968002455541864E-5
151757.0,42.5,4.255347448633984E-6
151757.0,43.5,1.8640335838426836E-5
151757.0,44.5,9.473662430536933E-6
151757.0,45.5,4.720573542726925E-6
151757.0,46.5,2.2650972823612392E-5
151757.0,47.5,7.654460205230862E-6
151757.0,48.5,1.657665598031599E-5
151757.0,49.5,5.14492676302325E-5
151757.0,50.5,2.9887276468798518E-5
151757.0,51.5,6.3101169871515594E-6
151757.0,52.5,2.131201654265169E-5
151757.0,53.5,1.1018591067113448E-5
151757.0,54.5,4.47015008830931E-6
151757.0,55.5,3.254925104556605E-5
151757.0,56.5,6.2963704294816125E-6
151757.0,57.5,4.113245722692227E-6
151757.0,58.5,7.079151691868901E-5
151757.0,59.5,6.372646566887852E-6
151757.0,60.5,3.1777155527379364E-5
151757.0,61.5,1.3015531294513494E-5
151757.0,62.5,6.220093200681731E-5
151757.0,63.5,1.6341160517185926E-5
151757.0,64.5,1.8858219164030743E-6
151757.0,65.5,2.0365851014503278E-6
151757.0,66.5,2.797867182380287E-6
151757.0,67.5,2.6275658910890343E-6
151757.0,68.5,8.01278292783536E-6
151757.0,69.5,4.019991138193291E-6
151757.0,70.5,1.4746926353836898E-5
151757.0,71.5,4.801853265234968E-6
151757.0,72.5,3.7232327940728283E-6
151757.0,73.5,4.251289738022024E-6
151757.0,74.5,6.321228283923119E-6
151757.0,75.5,8.715749572729692E-6
151757.0,76.5,2.178122849727515E-5
151757.0,77.5,1.9970273569924757E-5
151757.0,78.5,3.139582622679882E-5
151757.0,79.5,2.155967194994446E-5
151757.0,80.5,1.3448244317260105E-5
151757.0,81.5,1.6411069736932404E-5
151757.0,82.5,1.9524801246006973E-5
151757.0,83.5,4.666619133786298E-5
151757.0,84.5,2.7042160581913777E-5
151757.0,85.5,3.2694013498257846E-5
151757.0,86.5,3.720718086697161E-5
151757.0,87.5,4.49873878096696E-5
151757.0,88.5,5.1309445552760735E-5
151757.0,89.5,6.027605923009105E-5
151757.0,90.5,7.544628897449002E-5
151757.0,91.5,5.6869386753533036E-5
151757.0,92.5,1.5876956240390427E-5
151757.0,93.5,1.884004996099975E-5
151757.0,94.5,1.5494228136958554E-5
151757.0,95.5,5.81009044253733E-6
151757.0,96.5,1.910997525556013E-6
151757.0,97.5,1.9549677381291986E-4
151757.0,98.5,8.355590580322314E-6
151757.0,99.5,1.8684877431951463E-5
151757.0,100.5,5.210401468502823E-6
151757.0,101.5,6.2154272200132255E-6
151757.0,102.5,1.2866384349763393E-4
151757.0,103.5,1.363680639769882E-4
151757.0,104.5,6.232611212908523E-6
151757.0,105.5,7.360862127825385E-6
151757.0,106.5,1.4818144336459227E-5
151757.0,107.5,1.6781239537522197E-5
151757.0,108.5,2.6424924726597965E-5
151757.0,109.5,1.8685714167077094E-5
151757.0,110.5,2.1449988707900047E-5
151757.0,111.5,2.0086776203243062E-5
151757.0,112.5,2.0470351955736987E-5
151757.0,113.5,1.4278720300353598E-5
151757.0,114.5,1.639470792724751E-5
151757.0,115.5,2.24528594117146E-5
151757.0,116.5,2.6658053684514016E-5
151757.0,117.5,9.52356422203593E-5
151757.0,118.5,3.7890429666731507E-5
151757.0,119.5,6.509842205559835E-5
151757.0,120.5,2.1408218890428543E-4
151757.0,121.5,0.008847636170685291
151757.0,122.5,7.93168437667191E-5
151757.0,123.5,4.9687154387356713E-5
151757.0,124.5,3.636470137280412E-5
151757.0,125.5,3.258717697462998E-5
151757.0,126.5,4.982983955414966E-5
151757.0,127.5,2.304273766640108E-5
151757.0,128.5,1.7840520740719512E-5
151757.0,129.5,2.1649038899340667E-5
151757.0,130.5,1.8128480587620288E-4
151757.0,131.5,2.7676467652781866E-5
151757.0,132.5,2.2597145289182663E-5
151757.0,133.5,2.4078598653431982E-4
151757.0,134.5,2.0896472051390447E-5
151757.0,135.5,4.6452310925815254E-5
151757.0,136.5,3.0042547223274596E-5
151757.0,137.5,3.2091957109514624E-5
151757.0,138.5,3.119057510048151E-5
151757.0,139.5,9.386578312842175E-5
151757.0,140.5,7.654480577912182E-5
151757.0,141.5,4.3751839257311076E-5
151757.0,142.5,4.680340498453006E-5
151757.0,143.5,5.365105243981816E-5
151757.0,144.5,5.2583087381208315E-5
151757.0,145.5,5.559673081734218E-5
151757.0,146.5,6.909854710102081E-5
151757.0,147.5,8.390439325012267E-5
151757.0,148.5,8.604983304394409E-5
151757.0,149.5,7.8206168836914E-5
151757.0,150.5,8.722301572561264E-5
151757.0,151.5,9.491977107245475E-5
151757.0,152.5,1.2191337009426206E-4
151757.0,153.5,1.3489990669768304E-4
151757.0,154.5,2.248425007564947E-4
151757.0,155.5,1.987956784432754E-4
151757.0,156.5,2.000406529987231E-4
151757.0,157.5,1.7709418898448348E-4
151757.0,158.5,1.7637501878198236E-4
151757.0,159.5,1.7326726811006665E-4
151757.0,160.5,1.948829012690112E-4
151757.0,161.5,2.3000269720796496E-4
151757.0,162.5,2.664731873665005E-4
151757.0,163.5,2.876819926314056E-4
151757.0,164.5,3.338558308314532E-4
151757.0,165.5,5.259491153992712E-4
151757.0,166.5,3.4993584267795086E-4
151757.0,167.5,4.300902073737234E-4
151757.0,168.5,4.5542369480244815E-4
151757.0,169.5,6.028061616234481E-4
151757.0,170.5,6.971306866034865E-4
151757.0,171.5,7.040798082016408E-4
151757.0,172.5,7.706917240284383E-4
151757.0,173.5,7.726706098765135E-4
151757.0,174.5,9.453407255932689E-4
151757.0,175.5,0.0011603417806327343
151757.0,176.5,0.001247977721504867
151757.0,177.5,0.0015252535231411457
151757.0,178.5,0.001695864018984139
151757.0,179.5,0.0016883562784641981
151757.0,180.5,0.0021657536271959543
151757.0,181.5,0.002604809356853366
151757.0,182.5,0.0024381608236581087
151757.0,183.5,0.0026118862442672253
151757.0,184.5,0.0022426380310207605
151757.0,185.5,0.0025644348934292793
151757.0,186.5,0.002968715038150549
151757.0,187.5,0.003329145722091198
151757.0,188.5,0.003584124380722642
151757.0,189.5,0.003938454668968916
151757.0,190.5,0.004148679319769144
151757.0,191.5,0.004430762026458979
151757.0,192.5,0.004756332840770483
151757.0,193.5,0.0036689788103103638
151757.0,194.5,0.006051164120435715
151757.0,195.5,0.005896902643144131
151757.0,196.5,0.006645644549280405
151757.0,197.5,0.006761734839528799
151757.0,198.5,0.006799730472266674
151757.0,199.5,0.0073949191719293594
151757.0,200.5,0.007991648279130459
151757.0,201.5,0.008933666162192822
151757.0,202.5,0.008189654909074306
151757.0,203.5,0.009482873603701591
151757.0,204.5,0.010552400723099709
151757.0,205.5,0.010874264873564243
151757.0,206.5,0.011263386346399784
151757.0,207.5,0.01312256883829832
151757.0,208.5,0.014936941675841808
151757.0,209.5,0.021179817616939545
151757.0,210.5,0.02718571573495865
151757.0,211.5,0.03368865326046944
151757.0,212.5,0.03262096270918846
151757.0,213.5,0.03000490367412567
151757.0,214.5,0.04200531542301178
151757.0,215.5,0.0351705364882946
151757.0,216.5,0.03329561650753021
151757.0,217.5,0.03334818035364151
151757.0,218.5,0.046428143978118896
151757.0,219.5,0.049047067761421204
151757.0,220.5,0.04870579019188881
151757.0,221.5,0.034559499472379684
151757.0,222.5,0.050693079829216
151757.0,223.5,0.06416112184524536
151757.0,224.5,0.05880608782172203
151757.0,225.5,0.053110938519239426
151757.0,226.5,0.036744650453329086
151757.0,227.5,0.038307107985019684
151757.0,228.5,0.05446498841047287
151757.0,229.5,0.04519697278738022
151757.0,230.5,0.05611257627606392
151757.0,231.5,0.0479220449924469
151757.0,232.5,0.050048600882291794
151757.0,233.5,0.0444280281662941
151757.0,234.5,0.035659514367580414
151757.0,235.5,0.056026965379714966
151757.0,236.5,0.04398762434720993
151757.0,237.5,0.052972856909036636
151757.0,238.5,0.03743617236614227
151757.0,239.5,0.04393749684095383
151757.0,240.5,0.04040270298719406
151757.0,241.5,0.047298260033130646
151757.0,242.5,0.0689878836274147
151757.0,243.5,0.06303713470697403
151757.0,244.5,0.06245375797152519
151757.0,245.5,0.04951782152056694
151757.0,246.5,0.048425763845443726
151757.0,247.5,0.05648532882332802
151757.0,248.5,0.04353911057114601
151757.0,249.5,0.05297497659921646
151757.0,250.5,0.058577511459589005
151757.0,251.5,0.046783290803432465
151757.0,252.5,0.039245400577783585
151757.0,253.5,0.05054643377661705
151757.0,254.5,0.057543106377124786
151757.0,255.5,0.08021274954080582
151757.0,256.5,0.09551358968019485
151757.0,257.5,0.12096086889505386
151757.0,258.5,0.128712996840477
151757.0,259.5,0.10362786799669266
151757.0,260.5,0.08644256740808487
151757.0,261.5,0.08298449218273163
151757.0,262.5,0.10821820795536041
151757.0,263.5,0.15729187428951263
151757.0,264.5,0.24400830268859863
151757.0,265.5,0.25482243299484253
151757.0,266.5,0.24528276920318604
151757.0,267.5,0.24951982498168945
151757.0,268.5,0.2495175004005432
151757.0,269.5,0.22257769107818604
151757.0,270.5,0.28136199712753296
151757.0,271.5,0.23382984101772308
151757.0,272.5,0.18201600015163422
151757.0,273.5,0.21309758722782135
151757.0,274.5,0.12456075102090836
151757.0,275.5,0.17678244411945343
151757.0,276.5,0.24471428990364075
151757.0,277.5,0.24441933631896973
151757.0,278.5,0.16041943430900574
151757.0,279.5,0.0830020159482956
151757.0,280.5,0.09381788969039917
151757.0,281.5,0.21077291667461395
151757.0,282.5,0.2938569188117981
151757.0,283.5,0.3284261226654053
151757.0,284.5,0.2500210404396057
151757.0,285.5,0.12681499123573303
151757.0,286.5,0.3339874744415283
151757.0,287.5,0.3646804988384247
151757.0,288.5,0.3044748604297638
151757.0,289.5,0.46002164483070374
151757.0,290.5,0.6200312376022339
151757.0,291.5,0.5746815800666809
151757.0,292.5,0.5035227537155151
151757.0,293.5,0.5612702965736389
151757.0,294.5,0.5012039542198181
151757.0,295.5,0.5680156350135803
151757.0,296.5,0.5110548734664917
151757.0,297.5,0.5445940494537354
151757.0,298.5,0.3969196081161499
151757.0,299.5,0.5568482875823975
151757.0,300.5,0.3664087653160095
151757.0,301.5,0.4894103407859802
151757.0,302.5,0.48533257842063904
151757.0,303.5,0.6250435709953308
151757.0,304.5,0.5937004089355469
151757.0,305.5,0.6172938942909241
151757.0,306.5,0.5703303813934326
151757.0,307.5,0.6511968970298767
151757.0,308.5,0.6612074375152588
151757.0,309.5,0.506496787071228
151757.0,310.5,0.6337063312530518
151757.0,311.5,0.7613122463226318
151757.0,312.5,0.6555719375610352
151757.0,313.5,0.7262037992477417
151757.0,314.5,0.6562268733978271
151757.0,315.5,0.6649708151817322
151757.0,316.5,0.6120110750198364
151757.0,317.5,0.862182080745697
151757.0,318.5,0.616038978099823
151757.0,319.5,0.7246432900428772
151757.0,320.5,0.8543073534965515
151757.0,321.5,0.666323721408844
151757.0,322.5,0.695401132106781
151757.0,323.5,0.6619152426719666
151757.0,324.5,0.7819935083389282
151757.0,325.5,0.8853967189788818
151757.0,326.5,1.0207340717315674
151757.0,327.5,0.9581700563430786
151757.0,328.5,0.8814700245857239
151757.0,329.5,1.111138105392456
151757.0,330.5,1.0171277523040771
151757.0,331.5,1.0060230493545532
151757.0,332.5,0.9601519107818604
151757.0,333.5,0.9064673185348511
151757.0,334.5,1.0032697916030884
151757.0,335.5,1.0047357082366943
151757.0,336.5,0.7824118733406067
151757.0,337.5,0.8688035607337952
151757.0,338.5,0.9038195013999939
151757.0,339.5,0.9784933924674988
151757.0,340.5,1.044569730758667
151757.0,341.5,0.9174615740776062
151757.0,342.5,1.011635422706604
151757.0,343.5,1.051537036895752
151757.0,344.5,0.7318863868713379
151757.0,345.5,0.9940130114555359
151757.0,346.5,0.9279977083206177
151757.0,347.5,0.9009259939193726
151757.0,348.5,0.9843379259109497
151757.0,349.5,0.8194229602813721
151757.0,350.5,1.1521601676940918
151757.0,351.5,0.9895784258842468
151757.0,352.5,0.8895248174667358
151757.0,353.5,1.0683581829071045
151757.0,354.5,1.1568069458007812
151757.0,355.5,1.0758334398269653
151757.0,356.5,0.9953038096427917
151757.0,357.5,0.8432337641716003
151757.0,358.5,0.647047221660614
151757.0,359.5,1.0945695638656616
151757.0,360.5,1.0153884887695312
151757.0,361.5,0.9183781743049622
151757.0,362.5,1.083952784538269
151757.0,363.5,0.9665017127990723
151757.0,364.5,1.0466139316558838
151757.0,365.5,1.2123008966445923
151757.0,366.5,1.2863131761550903
151757.0,367.5,1.2218631505966187
151757.0,368.5,1.0752804279327393
151757.0,369.5,1.286656379699707
151757.0,370.5,1.1676013469696045
151757.0,371.5,1.3312031030654907
151757.0,372.5,0.9776738882064819
151757.0,373.5,0.887416660785675
151757.0,374.5,0.9696299433708191
151757.0,375.5,1.0907262563705444
151757.0,376.5,1.0857237577438354
151757.0,377.5,1.2913455963134766
151757.0,378.5,1.4138855934143066
151757.0,379.5,1.046309471130371
151757.0,380.5,1.2584182024002075
151757.0,381.5,1.1805572509765625
151757.0,382.5,0.7873673439025879
151757.0,383.5,0.688707709312439
151757.0,384.5,1.036968469619751
151757.0,385.5,1.0220962762832642
151757.0,386.5,1.0464081764221191
151757.0,387.5,0.9709154963493347
151757.0,388.5,0.9826093912124634
151757.0,389.5,1.2390930652618408
151757.0,390.5,1.2046771049499512
151757.0,391.5,1.4281328916549683
151757.0,392.5,1.0635814666748047
151757.0,393.5,0.4618513286113739
151757.0,394.5,1.0742554664611816
151757.0,395.5,1.377731204032898
151757.0,396.5,0.8068350553512573
151757.0,397.5,0.9191344380378723
151757.0,398.5,1.5765210390090942
151757.0,399.5,1.616626501083374
151757.0,400.5,1.705005407333374
151757.0,401.5,1.752585530281067
151757.0,402.5,1.8247430324554443
151757.0,403.5,1.679054617881775
151757.0,404.5,1.648302435874939
151757.0,405.5,1.725087285041809
151757.0,406.5,1.621925950050354
151757.0,407.5,1.6357144117355347
151757.0,408.5,1.8278937339782715
151757.0,409.5,1.7962530851364136
151757.0,410.5,1.5586551427841187
151757.0,411.5,1.8574050664901733
151757.0,412.5,1.8396631479263306
151757.0,413.5,1.7796835899353027
151757.0,414.5,1.818280816078186
151757.0,415.5,1.732640027999878
151757.0,416.5,1.884238839149475
151757.0,417.5,1.7154934406280518
151757.0,418.5,1.712083101272583
151757.0,419.5,1.7693551778793335
151757.0,420.5,1.7720533609390259
151757.0,421.5,1.8409109115600586
151757.0,422.5,1.636962652206421
151757.0,423.5,1.7818635702133179
151757.0,424.5,1.7767539024353027
151757.0,425.5,1.7216142416000366
151757.0,426.5,1.7372688055038452
151757.0,427.5,1.5950852632522583
151757.0,428.5,1.6764793395996094
151757.0,429.5,1.537459135055542
151757.0,430.5,1.1289916038513184
151757.0,431.5,1.569559097290039
151757.0,432.5,1.6860181093215942
151757.0,433.5,1.8430026769638062
151757.0,434.5,1.5903180837631226
151757.0,435.5,1.7989799976348877
151757.0,436.5,1.9334667921066284
151757.0,437.5,1.8203765153884888
151757.0,438.5,1.6160976886749268
151757.0,439.5,1.8289443254470825
151757.0,440.5,1.7278507947921753
151757.0,441.5,1.9385944604873657
151757.0,442.5,2.0161654949188232
151757.0,443.5,1.9457837343215942
151757.0,444.5,2.011009931564331
151757.0,445.5,1.9054360389709473
151757.0,446.5,1.896923303604126
151757.0,447.5,2.0796616077423096
151757.0,448.5,2.019832134246826
151757.0,449.5,2.011826515197754
151757.0,450.5,2.156721353530884
151757.0,451.5,2.123884916305542
151757.0,452.5,2.031424045562744
151757.0,453.5,1.963018536567688
151757.0,454.5,2.07785964012146
151757.0,455.5,1.9860336780548096
151757.0,456.5,2.135315418243408
151757.0,457.5,2.136624813079834
151757.0,458.5,2.005769968032837
151757.0,459.5,2.046273946762085
151757.0,460.5,2.070258617401123
151757.0,461.5,2.1350512504577637
151757.0,462.5,2.1186296939849854
151757.0,463.5,2.0869593620300293
151757.0,464.5,2.019170045852661
151757.0,465.5,2.0619733333587646
151757.0,466.5,2.001319408416748
151757.0,467.5,2.0834147930145264
151757.0,468.5,2.0358026027679443
151757.0,469.5,2.073207139968872
151757.0,470.5,1.9510235786437988
151757.0,471.5,2.0342090129852295
151757.0,472.5,2.127220392227173
151757.0,473.5,2.0181832313537598
151757.0,474.5,2.11246919631958
151757.0,475.5,2.0778446197509766
151757.0,476.5,2.0186984539031982
151757.0,477.5,2.151932954788208
151757.0,478.5,2.0996718406677246
151757.0,479.5,2.1117515563964844
151757.0,480.5,2.078279972076416
151757.0,481.5,2.1229541301727295
151757.0,482.5,2.1114680767059326
151757.0,483.5,2.0594711303710938
151757.0,484.5,2.0248100757598877
151757.0,485.5,1.9296334981918335
151757.0,486.5,1.599313735961914
151757.0,487.5,1.8597896099090576
151757.0,488.5,2.0052120685577393
151757.0,489.5,1.9919925928115845
151757.0,490.5,2.0752720832824707
151757.0,491.5,2.0060930252075195
151757.0,492.5,1.8647522926330566
151757.0,493.5,2.016448736190796
151757.0,494.5,2.038264751434326
151757.0,495.5,1.9721652269363403
151757.0,496.5,2.081188201904297
151757.0,497.5,2.055823802947998
151757.0,498.5,1.9053086042404175
151757.0,499.5,2.0143444538116455
151757.0,500.5,1.8768726587295532
151757.0,501.5,1.854777216911316
151757.0,502.5,1.9315705299377441
151757.0,503.5,2.008711576461792
151757.0,504.5,1.9161678552627563
151757.0,505.5,1.9924120903015137
151757.0,506.5,2.036379814147949
151757.0,507.5,1.9907454252243042
151757.0,508.5,1.8989018201828003
151757.0,509.5,2.0240097045898438
151757.0,510.5,1.9263107776641846
151757.0,511.5,2.0104727745056152
151757.0,512.5,1.9350730180740356
151757.0,513.5,1.9240111112594604
151757.0,514.5,1.8328464031219482
151757.0,515.5,1.9408478736877441
151757.0,516.5,1.7546941041946411
151757.0,517.5,1.6836843490600586
151757.0,518.5,1.707535743713379
151757.0,519.5,1.832442283630371
151757.0,520.5,1.8679327964782715
151757.0,521.5,1.9065550565719604
151757.0,522.5,1.871380090713501
151757.0,523.5,1.910751223564148
151757.0,524.5,1.984243631362915
151757.0,525.5,1.946742057800293
151757.0,526.5,1.789987325668335
151757.0,527.5,1.7689403295516968
151757.0,528.5,1.9279111623764038
151757.0,529.5,1.9564688205718994
151757.0,530.5,1.9716519117355347
151757.0,531.5,2.0045201778411865
151757.0,532.5,1.844093680381775
151757.0,533.5,1.93384850025177
151757.0,534.5,1.8926078081130981
151757.0,535.5,1.9882533550262451
151757.0,536.5,1.9301393032073975
151757.0,537.5,1.8870526552200317
151757.0,538.5,1.9436848163604736
151757.0,539.5,1.8532915115356445
151757.0,540.5,1.8375611305236816
151757.0,541.5,1.8856252431869507
151757.0,542.5,1.9156745672225952
151757.0,543.5,1.848435640335083
151757.0,544.5,1.9106487035751343
151757.0,545.5,1.9320942163467407
151757.0,546.5,1.913094162940979
151757.0,547.5,1.865319848060608
151757.0,548.5,1.8984599113464355
151757.0,549.5,1.9166591167449951
151757.0,550.5,1.9001675844192505
151757.0,551.5,1.8909709453582764
151757.0,552.5,1.8946874141693115
151757.0,553.5,1.8928515911102295
151757.0,554.5,1.9131561517715454
151757.0,555.5,1.9230841398239136
151757.0,556.5,1.8783165216445923
151757.0,557.5,1.8483083248138428
151757.0,558.5,1.8341915607452393
151757.0,559.5,1.8064537048339844
151757.0,560.5,1.8431824445724487
151757.0,561.5,1.8539998531341553
151757.0,562.5,1.8467111587524414
151757.0,563.5,1.8722896575927734
151757.0,564.5,1.8779258728027344
151757.0,565.5,1.8443869352340698
151757.0,566.5,1.8050183057785034
151757.0,567.5,1.897099256515503
151757.0,568.5,1.8144956827163696
151757.0,569.5,1.8758206367492676
151757.0,570.5,1.818762183189392
151757.0,571.5,1.7898387908935547
151757.0,572.5,1.9039133787155151
151757.0,573.5,1.8915410041809082
151757.0,574.5,1.8794993162155151
151757.0,575.5,1.8446816205978394
151757.0,576.5,1.8560858964920044
151757.0,577.5,1.8725110292434692
151757.0,578.5,1.7903627157211304
151757.0,579.5,1.8359341621398926
151757.0,580.5,1.8535100221633911
151757.0,581.5,1.8421915769577026
151757.0,582.5,1.8728669881820679
151757.0,583.5,1.8592387437820435
151757.0,584.5,1.8573888540267944
151757.0,585.5,1.7978873252868652
151757.0,586.5,1.813847541809082
151757.0,587.5,1.8520907163619995
151757.0,588.5,1.8300838470458984
151757.0,589.5,1.5643508434295654
151757.0,590.5,1.8182145357131958
151757.0,591.5,1.8067632913589478
151757.0,592.5,1.8315553665161133
151757.0,593.5,1.7960139513015747
151757.0,594.5,1.8261035680770874
151757.0,595.5,1.7752705812454224
151757.0,596.5,1.8176040649414062
151757.0,597.5,1.8019744157791138
151757.0,598.5,1.7688868045806885
151757.0,599.5,1.7888113260269165
151757.0,600.5,1.7703152894973755
151757.0,601.5,1.7498749494552612
151757.0,602.5,1.725864291191101
151757.0,603.5,1.7946499586105347
151757.0,604.5,1.7821483612060547
151757.0,605.5,1.768154263496399
151757.0,606.5,1.762351393699646
151757.0,607.5,1.7844116687774658
151757.0,608.5,1.7267526388168335
151757.0,609.5,1.736938238143921
151757.0,610.5,1.697806715965271
151757.0,611.5,1.74608314037323
151757.0,612.5,1.6996946334838867
151757.0,613.5,1.6742539405822754
151757.0,614.5,1.7065147161483765
151757.0,615.5,1.6979339122772217
151757.0,616.5,1.634244680404663
151757.0,617.5,1.6566452980041504
151757.0,618.5,1.7100199460983276
151757.0,619.5,1.6936954259872437
151757.0,620.5,1.7167303562164307
151757.0,621.5,1.691605806350708
151757.0,622.5,1.6894434690475464
151757.0,623.5,1.6564418077468872
151757.0,624.5,1.637182593345642
151757.0,625.5,1.6358428001403809
151757.0,626.5,1.6733413934707642
151757.0,627.5,1.690841794013977
151757.0,628.5,1.6776942014694214
151757.0,629.5,1.6735841035842896
151757.0,630.5,1.6484726667404175
151757.0,631.5,1.6267656087875366
151757.0,632.5,1.6485540866851807
151757.0,633.5,1.638037085533142
151757.0,634.5,1.6326463222503662
151757.0,635.5,1.6605381965637207
151757.0,636.5,1.6117799282073975
151757.0,637.5,1.6589994430541992
151757.0,638.5,1.6478456258773804
151757.0,639.5,1.6325836181640625
151757.0,640.5,1.5875306129455566
151757.0,641.5,1.6042479276657104
151757.0,642.5,1.6129738092422485
151757.0,643.5,1.6150448322296143
151757.0,644.5,1.61378812789917
151757.0,645.5,1.5798721313476562
151757.0,646.5,1.599001407623291
151757.0,647.5,1.600648045539856
151757.0,648.5,1.6106034517288208
151757.0,649.5,1.5259335041046143
151757.0,650.5,1.5917835235595703
151757.0,651.5,1.6052218675613403
151757.0,652.5,1.5829998254776
151757.0,653.5,1.5931708812713623
151757.0,654.5,1.5722370147705078
151757.0,655.5,1.5246169567108154
151757.0,656.5,1.2305772304534912
151757.0,657.5,1.5058903694152832
151757.0,658.5,1.5550991296768188
151757.0,659.5,1.5345368385314941
151757.0,660.5,1.5639500617980957
151757.0,661.5,1.5623215436935425
151757.0,662.5,1.5693590641021729
151757.0,663.5,1.539132833480835
151757.0,664.5,1.545973539352417
151757.0,665.5,1.5656731128692627
151757.0,666.5,1.536539077758789
151757.0,667.5,1.535949468612671
151757.0,668.5,1.5541460514068604
151757.0,669.5,1.5440387725830078
151757.0,670.5,1.5310883522033691
151757.0,671.5,1.5072903633117676
151757.0,672.5,1.5226491689682007
151757.0,673.5,1.5300577878952026
151757.0,674.5,1.5213665962219238
151757.0,675.5,1.5067390203475952
151757.0,676.5,1.5148009061813354
151757.0,677.5,1.515465259552002
151757.0,678.5,1.5077790021896362
151757.0,679.5,1.5080311298370361
151757.0,680.5,1.5002158880233765
151757.0,681.5,1.500270962715149
151757.0,682.5,1.501016616821289
151757.0,683.5,1.490330696105957
151757.0,684.5,1.4536147117614746
151757.0,685.5,1.4728078842163086
151757.0,686.5,1.4753884077072144
151757.0,687.5,1.4869582653045654
151757.0,688.5,1.4663339853286743
151757.0,689.5,1.483899474143982
151757.0,690.5,1.4712133407592773
151757.0,691.5,1.4547990560531616
151757.0,692.5,1.4571881294250488
151757.0,693.5,1.4611961841583252
151757.0,694.5,1.4533822536468506
151757.0,695.5,1.450083613395691
151757.0,696.5,1.4525412321090698
151757.0,697.5,1.4375594854354858
151757.0,698.5,1.4240474700927734
151757.0,699.5,1.4425785541534424
151757.0,700.5,1.4003126621246338
151757.0,701.5,1.3973826169967651
151757.0,702.5,1.4079930782318115
151757.0,703.5,1.4122306108474731
151757.0,704.5,1.418182611465454
151757.0,705.5,1.4189505577087402
151757.0,706.5,1.410887598991394
151757.0,707.5,1.4084490537643433
151757.0,708.5,1.3959012031555176
151757.0,709.5,1.3920317888259888
151757.0,710.5,1.4070154428482056
151757.0,711.5,1.3867298364639282
151757.0,712.5,1.3783268928527832
151757.0,713.5,1.3769737482070923
151757.0,714.5,1.383501648902893
151757.0,715.5,1.3630096912384033
151757.0,716.5,1.3520992994308472
151757.0,717.5,1.380718469619751
151757.0,718.5,1.3366302251815796
151757.0,719.5,1.3431808948516846
151757.0,720.5,1.3361560106277466
151757.0,721.5,1.3558223247528076
151757.0,722.5,1.3335554599761963
151757.0,723.5,1.3526984453201294
151757.0,724.5,1.3485679626464844
151757.0,725.5,1.3426810503005981
151757.0,726.5,1.3374797105789185
151757.0,727.5,1.3453257083892822
151757.0,728.5,1.3213988542556763
151757.0,729.5,1.293984293937683
151757.0,730.5,1.3296754360198975
151757.0,731.5,1.3196277618408203
151757.0,732.5,1.3104974031448364
151757.0,733.5,1.3236122131347656
151757.0,734.5,1.3267948627471924
151757.0,735.5,1.299970030784607
151757.0,736.5,1.3066908121109009
151757.0,737.5,1.309199333190918
151757.0,738.5,1.2839698791503906
151757.0,739.5,1.2811294794082642
151757.0,740.5,1.2860605716705322
151757.0,741.5,1.2499381303787231
151757.0,742.5,1.2687121629714966
151757.0,743.5,1.2936567068099976
151757.0,744.5,1.2628040313720703
151757.0,745.5,1.2929514646530151
151757.0,746.5,1.275986909866333
151757.0,747.5,1.2827459573745728
151757.0,748.5,1.2802776098251343
151757.0,749.5,1.2522273063659668
151757.0,752.5,1.2600271701812744
151757.0,757.5,1.246585726737976
151757.0,762.5,1.2386839389801025
151757.0,767.5,1.2068686485290527
151757.0,772.5,1.1996581554412842
151757.0,777.5,1.18851900100708
151757.0,782.5,1.180588722229004
151757.0,787.5,1.1715831756591797
151757.0,792.5,1.1373282670974731
151757.0,797.5,1.1432446241378784
151757.0,802.5,1.1207975149154663
151757.0,807.5,1.1074328422546387
151757.0,812.5,1.1024794578552246
151757.0,817.5,1.0805376768112183
151757.0,822.5,1.0643866062164307
151757.0,827.5,1.0635676383972168
151757.0,832.5,1.0376923084259033
151757.0,837.5,1.036421775817871
151757.0,842.5,1.0224014520645142
151757.0,847.5,1.0112261772155762
151757.0,852.5,0.9152631759643555
151757.0,857.5,0.9827728867530823
151757.0,862.5,0.9822164177894592
151757.0,867.5,0.9118685126304626
151757.0,872.5,0.9500576853752136
151757.0,877.5,0.9390372037887573
151757.0,882.5,0.929543137550354
151757.0,887.5,0.9224073886871338
151757.0,892.5,0.9157361388206482
151757.0,897.5,0.9122717380523682
151757.0,902.5,0.8810290098190308
151757.0,907.5,0.8788496851921082
151757.0,912.5,0.8791043758392334
151757.0,917.5,0.869203507900238
151757.0,922.5,0.8353303074836731
151757.0,927.5,0.8411623239517212
151757.0,932.5,0.843170166015625
151757.0,937.5,0.8309383988380432
151757.0,942.5,0.8037772178649902
151757.0,947.5,0.8157925009727478
151757.0,952.5,0.7947796583175659
151757.0,957.5,0.7909185886383057
151757.0,962.5,0.7857221364974976
151757.0,967.5,0.7772461175918579
151757.0,972.5,0.7710739970207214
151757.0,977.5,0.7638771533966064
151757.0,982.5,0.7599881887435913
151757.0,987.5,0.7486236095428467
151757.0,992.5,0.7437479496002197
151757.0,997.5,0.7356475591659546
151757.0,1002.5,0.7199565768241882
151757.0,1007.5,0.7022219896316528
151757.0,1012.5,0.7119344472885132
151757.0,1017.5,0.7065101861953735
151757.0,1022.5,0.6978492736816406
151757.0,1027.5,0.6918919682502747
151757.0,1032.5,0.679732084274292
151757.0,1037.5,0.6730854511260986
151757.0,1042.5,0.6694872975349426
151757.0,1047.5,0.657750129699707
151757.0,1052.5,0.654174268245697
151757.0,1057.5,0.6437814235687256
151757.0,1062.5,0.63714599609375
151757.0,1067.5,0.6179047226905823
151757.0,1072.5,0.6218668818473816
151757.0,1077.5,0.6113921999931335
151757.0,1082.5,0.5990586280822754
151757.0,1087.5,0.5944101810455322
151757.0,1092.5,0.5830672383308411
151757.0,1097.5,0.5784661173820496
151757.0,1102.5,0.5805533528327942
151757.0,1107.5,0.5805310010910034
151757.0,1112.5,0.5725865364074707
151757.0,1117.5,0.5668643712997437
151757.0,1122.5,0.5633354187011719
151757.0,1127.5,0.5537924766540527
151757.0,1132.5,0.5513522028923035
151757.0,1137.5,0.5434285402297974
151757.0,1142.5,0.5357549786567688
151757.0,1147.5,0.5362647771835327
151757.0,1152.5,0.5325992703437805
151757.0,1157.5,0.5245625376701355
151757.0,1162.5,0.5146664381027222
151757.0,1167.5,0.5121943354606628
151757.0,1172.5,0.5140535831451416
151757.0,1177.5,0.5004162788391113
151757.0,1182.5,0.49202677607536316
151757.0,1187.5,0.49260592460632324
151757.0,1192.5,0.4958621561527252
151757.0,1197.5,0.4766031503677368
151757.0,1202.5,0.47839170694351196
151757.0,1207.5,0.47628816962242126
151757.0,1212.5,0.4721423089504242
151757.0,1217.5,0.47179263830184937
151757.0,1222.5,0.4680764973163605
151757.0,1227.5,0.46059590578079224
151757.0,1232.5,0.45938995480537415
151757.0,1237.5,0.45474445819854736
151757.0,1242.5,0.4483834505081177
151757.0,1247.5,0.4473380446434021
151757.0,1252.5,0.4433998763561249
151757.0,1257.5,0.43705856800079346
151757.0,1262.5,0.4323594570159912
151757.0,1267.5,0.42969009280204773
151757.0,1272.5,0.42848750948905945
151757.0,1277.5,0.422151118516922
151757.0,1282.5,0.3953065276145935
151757.0,1287.5,0.4145381450653076
151757.0,1292.5,0.4111255407333374
151757.0,1297.5,0.40984058380126953
151757.0,1302.5,0.4053950309753418
151757.0,1307.5,0.4030469059944153
151757.0,1312.5,0.39463043212890625
151757.0,1317.5,0.3901958167552948
151757.0,1322.5,0.3927241861820221
151757.0,1327.5,0.3853035867214203
151757.0,1332.5,0.3826017677783966
151757.0,1337.5,0.380460649728775
151757.0,1342.5,0.3782317042350769
151757.0,1347.5,0.3755866587162018
151757.0,1352.5,0.37096619606018066
151757.0,1357.5,0.36803653836250305
151757.0,1362.5,0.36464381217956543
151757.0,1367.5,0.3614765703678131
151757.0,1372.5,0.35805901885032654
151757.0,1377.5,0.3561473786830902
151757.0,1382.5,0.3538070321083069
151757.0,1387.5,0.3493655323982239
151757.0,1392.5,0.3467695116996765
151757.0,1397.5,0.343727707862854
151757.0,1402.5,0.34061118960380554
151757.0,1407.5,0.3378020226955414
151757.0,1412.5,0.3338603079319
151757.0,1417.5,0.333137184381485
151757.0,1422.5,0.32750946283340454
151757.0,1427.5,0.32419776916503906
151757.0,1432.5,0.3242623507976532
151757.0,1437.5,0.32164743542671204
151757.0,1442.5,0.3110479712486267
151757.0,1447.5,0.31612783670425415
151757.0,1452.5,0.30903804302215576
151757.0,1457.5,0.3086465299129486
151757.0,1462.5,0.30852413177490234
151757.0,1467.5,0.3052120804786682
151757.0,1472.5,0.30285173654556274
151757.0,1477.5,0.29947513341903687
151757.0,1482.5,0.2974557876586914
151757.0,1487.5,0.28537166118621826
151757.0,1492.5,0.2938450276851654
151757.0,1497.5,0.29039934277534485
151757.0,1502.5,0.2741300165653229
151757.0,1507.5,0.2818602919578552
151757.0,1512.5,0.28482574224472046
151757.0,1517.5,0.2825733423233032
151757.0,1522.5,0.27679726481437683
151757.0,1527.5,0.276786208152771
151757.0,1532.5,0.27605175971984863
151757.0,1537.5,0.27297890186309814
151757.0,1542.5,0.2724897563457489
151757.0,1547.5,0.26986604928970337
151757.0,1552.5,0.2648639976978302
151757.0,1557.5,0.2617798447608948
151757.0,1562.5,0.2595239281654358
151757.0,1567.5,0.2545585036277771
151757.0,1572.5,0.25542861223220825
151757.0,1577.5,0.24348783493041992
151757.0,1582.5,0.2476360946893692
151757.0,1587.5,0.24050886929035187
151757.0,1592.5,0.2446165680885315
151757.0,1597.5,0.24271352589130402
151757.0,1602.5,0.24146060645580292
151757.0,1607.5,0.24075761437416077
151757.0,1612.5,0.23879969120025635
151757.0,1617.5,0.23530738055706024
151757.0,1622.5,0.23310865461826324
151757.0,1627.5,0.23785051703453064
151757.0,1632.5,0.23298336565494537
151757.0,1637.5,0.22474074363708496
151757.0,1642.5,0.22161364555358887
151757.0,1647.5,0.2243914008140564
151757.0,1652.5,0.22169716656208038
151757.0,1657.5,0.22270196676254272
151757.0,1662.5,0.2216779738664627
151757.0,1667.5,0.21473067998886108
151757.0,1672.5,0.21459907293319702
151757.0,1677.5,0.2082861065864563
151757.0,1682.5,0.20519764721393585
151757.0,1687.5,0.20683640241622925
151757.0,1692.5,0.2082841694355011
151757.0,1697.5,0.20597751438617706
151757.0,1702.5,0.20264004170894623
151757.0,1707.5,0.20215195417404175
151757.0,1712.5,0.19613337516784668
151757.0,1717.5,0.1984548568725586
151757.0,1722.5,0.19345737993717194
151757.0,1727.5,0.19184939563274384
151757.0,1732.5,0.18301443755626678
151757.0,1737.5,0.1804066002368927
151757.0,1742.5,0.18334735929965973
151757.0,1747.5,0.18220075964927673
151757.0,1752.5,0.18188977241516113
151757.0,1757.5,0.18103715777397156
151757.0,1762.5,0.17698366940021515
151757.0,1767.5,0.1789052039384842
151757.0,1772.5,0.17427532374858856
151757.0,1777.5,0.17289121448993683
151757.0,1782.5,0.17069794237613678
151757.0,1787.5,0.17094682157039642
151757.0,1792.5,0.1673850119113922
151757.0,1797.5,0.1656205803155899
151757.0,1802.5,0.16314725577831268
151757.0,1807.5,0.16145794093608856
151757.0,1812.5,0.1579146385192871
151757.0,1817.5,0.15186232328414917
151757.0,1822.5,0.15563969314098358
151757.0,1827.5,0.15650975704193115
151757.0,1832.5,0.1559152752161026
151757.0,1837.5,0.1518353968858719
151757.0,1842.5,0.1491033285856247
151757.0,1847.5,0.14740119874477386
151757.0,1852.5,0.14947494864463806
151757.0,1857.5,0.1476343721151352
151757.0,1862.5,0.14776162803173065
151757.0,1867.5,0.145778626203537
151757.0,1872.5,0.13911031186580658
151757.0,1877.5,0.13006702065467834
151757.0,1882.5,0.1412932127714157
151757.0,1887.5,0.13886722922325134
151757.0,1892.5,0.13763073086738586
151757.0,1897.5,0.1366448700428009
151757.0,1902.5,0.13683074712753296
151757.0,1907.5,0.13586781919002533
151757.0,1912.5,0.13426463305950165
151757.0,1917.5,0.13253435492515564
151757.0,1922.5,0.1316683292388916
151757.0,1927.5,0.13043440878391266
151757.0,1932.5,0.1283056139945984
151757.0,1937.5,0.12690481543540955
151757.0,1942.5,0.12068497389554977
151757.0,1947.5,0.11823464184999466
151757.0,1952.5,0.12207406759262085
151757.0,1957.5,0.12370283156633377
151757.0,1962.5,0.12217807024717331
151757.0,1967.5,0.1224193349480629
151757.0,1972.5,0.11876407265663147
151757.0,1977.5,0.11792482435703278
151757.0,1982.5,0.11877597123384476
151757.0,1987.5,0.11612100154161453
151757.0,1992.5,0.11512285470962524
151757.0,1997.5,0.11496667563915253
151757.0,2002.5,0.11408183723688126
151757.0,2007.5,0.11325725167989731
151757.0,2012.5,0.11282707750797272
151757.0,2017.5,0.11188070476055145
151757.0,2022.5,0.11080121248960495
151757.0,2027.5,0.10953834652900696
151757.0,2032.5,0.10799144208431244
151757.0,2037.5,0.10726688802242279
151757.0,2042.5,0.10700594633817673
151757.0,2047.5,0.10593091696500778
151757.0,2052.5,0.10510684549808502
151757.0,2057.5,0.10412092506885529
151757.0,2062.5,0.10211759805679321
151757.0,2067.5,0.10236511379480362
151757.0,2072.5,0.1002253070473671
151757.0,2077.5,0.10068786889314651
151757.0,2082.5,0.09873588383197784
151757.0,2087.5,0.09872239828109741
151757.0,2092.5,0.09708264470100403
151757.0,2097.5,0.09696648269891739
151757.0,2102.5,0.09612076729536057
151757.0,2107.5,0.09300729632377625
151757.0,2112.5,0.09398115426301956
151757.0,2117.5,0.09252069890499115
151757.0,2122.5,0.09195124357938766
151757.0,2127.5,0.09191185235977173
151757.0,2132.5,0.09132861346006393
151757.0,2137.5,0.0896533653140068
151757.0,2142.5,0.0896020233631134
151757.0,2147.5,0.0887196958065033
151757.0,2152.5,0.08827069401741028
151757.0,2157.5,0.08734172582626343
151757.0,2162.5,0.08505967259407043
151757.0,2167.5,0.08082278072834015
151757.0,2172.5,0.08479861915111542
151757.0,2177.5,0.08385217934846878
151757.0,2182.5,0.083573117852211
151757.0,2187.5,0.08256468176841736
151757.0,2192.5,0.08261965215206146
151757.0,2197.5,0.08198972791433334
151757.0,2202.5,0.08145274966955185
151757.0,2207.5,0.0789245143532753
151757.0,2212.5,0.08019722998142242
151757.0,2217.5,0.07949348539113998
151757.0,2222.5,0.0788683071732521
151757.0,2227.5,0.07776312530040741
151757.0,2232.5,0.0776226595044136
151757.0,2237.5,0.07642526924610138
151757.0,2242.5,0.07617514580488205
151757.0,2247.5,0.07538168132305145
151757.0,2252.5,0.07446697354316711
151757.0,2257.5,0.07424940168857574
151757.0,2262.5,0.07272081822156906
151757.0,2267.5,0.0724363848567009
151757.0,2272.5,0.07235808670520782
151757.0,2277.5,0.0719841867685318
151757.0,2282.5,0.06999978423118591
151757.0,2287.5,0.0708041787147522
151757.0,2292.5,0.06951320171356201
151757.0,2297.5,0.06906980276107788
151757.0,2302.5,0.06888725608587265
151757.0,2307.5,0.0684034526348114
151757.0,2312.5,0.06782197207212448
151757.0,2317.5,0.06696650385856628
151757.0,2322.5,0.06597460806369781
151757.0,2327.5,0.06564395874738693
151757.0,2332.5,0.06533320993185043
151757.0,2337.5,0.06427925825119019
151757.0,2342.5,0.06463176012039185
151757.0,2347.5,0.06422585994005203
151757.0,2352.5,0.06272727996110916
151757.0,2357.5,0.06234122812747955
151757.0,2362.5,0.0624973438680172
151757.0,2367.5,0.06206467002630234
151757.0,2372.5,0.06166794151067734
151757.0,2377.5,0.06146784871816635
151757.0,2382.5,0.06020120158791542
151757.0,2387.5,0.05905904620885849
151757.0,2392.5,0.059836242347955704
151757.0,2397.5,0.059509728103876114
151757.0,2402.5,0.05912311375141144
151757.0,2407.5,0.05880257487297058
151757.0,2412.5,0.0580519400537014
151757.0,2417.5,0.057411860674619675
151757.0,2422.5,0.05727976933121681
151757.0,2427.5,0.056799422949552536
151757.0,2432.5,0.0564611554145813
151757.0,2437.5,0.05593128502368927
151757.0,2442.5,0.055718403309583664
151757.0,2447.5,0.05462067201733589
151757.0,2452.5,0.05447089672088623
151757.0,2457.5,0.05353786051273346
151757.0,2462.5,0.053868845105171204
151757.0,2467.5,0.05358654633164406
151757.0,2472.5,0.05296045169234276
151757.0,2477.5,0.05252870172262192
151757.0,2482.5,0.05085150524973869
151757.0,2487.5,0.050864968448877335
151757.0,2492.5,0.05135829374194145
151757.0,2497.5,0.05115782469511032
151757.0,2502.5,0.05075144022703171
151757.0,2507.5,0.0503663644194603
151757.0,2512.5,0.04960055276751518
151757.0,2517.5,0.049419939517974854
151757.0,2522.5,0.04922165721654892
151757.0,2527.5,0.048775482922792435
151757.0,2532.5,0.048553742468357086
151757.0,2537.5,0.04802481085062027
151757.0,2542.5,0.04605552554130554
151757.0,2547.5,0.047048408538103104
151757.0,2552.5,0.04647373780608177
151757.0,2557.5,0.046423427760601044
151757.0,2562.5,0.045441631227731705
151757.0,2567.5,0.04585012421011925
151757.0,2572.5,0.045581843703985214
151757.0,2577.5,0.045406047254800797
151757.0,2582.5,0.04474933445453644
151757.0,2587.5,0.04394587129354477
151757.0,2592.5,0.043846920132637024
151757.0,2597.5,0.0433892160654068
151757.0,2602.5,0.04340551793575287
151757.0,2607.5,0.043430302292108536
151757.0,2612.5,0.043149642646312714
151757.0,2617.5,0.04253917932510376
151757.0,2622.5,0.04125829413533211
151757.0,2627.5,0.03957008942961693
151757.0,2632.5,0.04156941547989845
151757.0,2637.5,0.04119562357664108
151757.0,2642.5,0.0408603735268116
151757.0,2647.5,0.04098467901349068
151757.0,2652.5,0.04053811728954315
151757.0,2657.5,0.040430597960948944
151757.0,2662.5,0.03989328816533089
151757.0,2667.5,0.039622049778699875
151757.0,2672.5,0.0397382415831089
151757.0,2677.5,0.03944239765405655
151757.0,2682.5,0.03914128243923187
151757.0,2687.5,0.03889157995581627
151757.0,2692.5,0.0385998971760273
151757.0,2697.5,0.038326196372509
151757.0,2702.5,0.03812439739704132
151757.0,2707.5,0.03779023885726929
151757.0,2712.5,0.03755708783864975
151757.0,2717.5,0.03750596195459366
151757.0,2722.5,0.03729265555739403
151757.0,2727.5,0.036971524357795715
151757.0,2732.5,0.036865707486867905
151757.0,2737.5,0.03637266159057617
151757.0,2742.5,0.03640834242105484
151757.0,2747.5,0.03609989210963249
151757.0,2752.5,0.03589145839214325
151757.0,2757.5,0.03545653447508812
151757.0,2762.5,0.03539302945137024
151757.0,2767.5,0.03510408103466034
151757.0,2772.5,0.03485555201768875
151757.0,2777.5,0.034646227955818176
151757.0,2782.5,0.034414153546094894
151757.0,2787.5,0.034270770847797394
151757.0,2792.5,0.03402478247880936
151757.0,2797.5,0.03384813666343689
151757.0,2802.5,0.03356070816516876
151757.0,2807.5,0.03338019922375679
151757.0,2812.5,0.0331631563603878
151757.0,2817.5,0.032953210175037384
151757.0,2822.5,0.03271401673555374
151757.0,2827.5,0.03251219913363457
151757.0,2832.5,0.03232715278863907
151757.0,2837.5,0.03213327378034592
151757.0,2842.5,0.031710054725408554
151757.0,2847.5,0.03170083090662956
151757.0,2852.5,0.03138062730431557
151757.0,2857.5,0.031240541487932205
151757.0,2862.5,0.03097357600927353
151757.0,2867.5,0.030775343999266624
151757.0,2872.5,0.03021537885069847
151757.0,2877.5,0.0303376205265522
151757.0,2882.5,0.030213341116905212
151757.0,2887.5,0.029884539544582367
151757.0,2892.5,0.029868008568882942
151757.0,2897.5,0.029680712148547173
151757.0,2902.5,0.029478004202246666
151757.0,2907.5,0.02923286333680153
151757.0,2912.5,0.02910439856350422
151757.0,2917.5,0.0288749560713768
151757.0,2922.5,0.028747493401169777
151757.0,2927.5,0.028453120961785316
151757.0,2932.5,0.02834813855588436
151757.0,2937.5,0.02811192348599434
151757.0,2942.5,0.028014011681079865
151757.0,2947.5,0.02784501388669014
151757.0,2952.5,0.027666926383972168
151757.0,2957.5,0.027499772608280182
151757.0,2962.5,0.027285072952508926
151757.0,2967.5,0.02712216228246689
151757.0,2972.5,0.02690950594842434
151757.0,2977.5,0.026782745495438576
151757.0,2982.5,0.02664697729051113
151757.0,2987.5,0.026444105431437492
151757.0,2992.5,0.026296420022845268
151757.0,2997.5,0.02607003226876259
151757.0,3002.5,0.02590034157037735
151757.0,3007.5,0.02579261176288128
151757.0,3012.5,0.025628862902522087
151757.0,3017.5,0.025442568585276604
151757.0,3022.5,0.025241995230317116
151757.0,3027.5,0.025099607184529305
151757.0,3032.5,0.02493062987923622
151757.0,3037.5,0.024504968896508217
151757.0,3042.5,0.02449897862970829
151757.0,3047.5,0.02444586716592312
151757.0,3052.5,0.024332772940397263
151757.0,3057.5,0.024222031235694885
151757.0,3062.5,0.02404117025434971
151757.0,3067.5,0.023932388052344322
151757.0,3072.5,0.02377200871706009
151757.0,3077.5,0.023651180788874626
151757.0,3082.5,0.023445431143045425
151757.0,3087.5,0.02327997237443924
151757.0,3092.5,0.02319958060979843
151757.0,3097.5,0.02305552363395691
151757.0,3102.5,0.022946862503886223
151757.0,3107.5,0.022781793028116226
151757.0,3112.5,0.0225631445646286
151757.0,3117.5,0.02227216586470604
151757.0,3122.5,0.022395404055714607
151757.0,3127.5,0.022150814533233643
151757.0,3132.5,0.02211146056652069
151757.0,3137.5,0.021966351196169853
151757.0,3142.5,0.021861959248781204
151757.0,3147.5,0.021715447306632996
151757.0,3152.5,0.021362656727433205
151757.0,3157.5,0.02145569585263729
151757.0,3162.5,0.021330084651708603
151757.0,3167.5,0.02121766470372677
151757.0,3172.5,0.02103506028652191
151757.0,3177.5,0.020962150767445564
151757.0,3182.5,0.020802229642868042
151757.0,3187.5,0.020707054063677788
151757.0,3192.5,0.020595967769622803
151757.0,3197.5,0.02047932706773281
151757.0,3202.5,0.02028745971620083
151757.0,3207.5,0.020218409597873688
151757.0,3212.5,0.020083414390683174
151757.0,3217.5,0.019909987226128578
151757.0,3222.5,0.01985718123614788
151757.0,3227.5,0.019749967381358147
151757.0,3232.5,0.01962638460099697
151757.0,3237.5,0.01952531561255455
151757.0,3242.5,0.019365565851330757
151757.0,3247.5,0.019311971962451935
151757.0,3252.5,0.019192170351743698
151757.0,3257.5,0.01908116787672043
151757.0,3262.5,0.018971282988786697
151757.0,3267.5,0.018846072256565094
151757.0,3272.5,0.01874944381415844
151757.0,3277.5,0.01858365908265114
151757.0,3282.5,0.018428541719913483
151757.0,3287.5,0.018343456089496613
151757.0,3292.5,0.018037760630249977
151757.0,3297.5,0.017745401710271835
151757.0,3302.5,0.017901625484228134
151757.0,3307.5,0.01792723499238491
151757.0,3312.5,0.017859794199466705
151757.0,3317.5,0.01741313748061657
151757.0,3322.5,0.01741299033164978
151757.0,3327.5,0.017556164413690567
151757.0,3332.5,0.017502551898360252
151757.0,3337.5,0.017352379858493805
151757.0,3342.5,0.01725050061941147
151757.0,3347.5,0.017196474596858025
151757.0,3352.5,0.01702970825135708
151757.0,3357.5,0.017004292458295822
151757.0,3362.5,0.01690506935119629
151757.0,3367.5,0.016781168058514595
151757.0,3372.5,0.0165737122297287
151757.0,3377.5,0.01659477688372135
151757.0,3382.5,0.016472740098834038
151757.0,3387.5,0.016417277976870537
151757.0,3392.5,0.016282066702842712
151757.0,3397.5,0.01600780338048935
151757.0,3402.5,0.015994712710380554
151757.0,3407.5,0.016007017344236374
151757.0,3412.5,0.015967359766364098
151757.0,3417.5,0.015763290226459503
151757.0,3422.5,0.015799690037965775
151757.0,3427.5,0.015666890889406204
151757.0,3432.5,0.015633778646588326
151757.0,3437.5,0.015518545173108578
151757.0,3442.5,0.015432484447956085
151757.0,3447.5,0.015359272249042988
151757.0,3452.5,0.01528751477599144
151757.0,3457.5,0.01516268402338028
151757.0,3462.5,0.015100053511559963
151757.0,3467.5,0.015005611814558506
151757.0,3472.5,0.014938694424927235
151757.0,3477.5,0.014888710342347622
151757.0,3482.5,0.014779762364923954
151757.0,3487.5,0.014701644890010357
151757.0,3492.5,0.014571473002433777
151757.0,3497.5,0.014535130001604557
151757.0,3502.5,0.01439938135445118
151757.0,3507.5,0.014374308288097382
151757.0,3512.5,0.014288237318396568
151757.0,3517.5,0.014201031066477299
151757.0,3522.5,0.014081993140280247
151757.0,3527.5,0.014064040035009384
151757.0,3532.5,0.013975701294839382
151757.0,3537.5,0.013865930959582329
151757.0,3542.5,0.013773663900792599
151757.0,3547.5,0.01378763746470213
151757.0,3552.5,0.013709476217627525
151757.0,3557.5,0.01360651571303606
151757.0,3562.5,0.013543577864766121
151757.0,3567.5,0.013493586331605911
151757.0,3572.5,0.013400588184595108
151757.0,3577.5,0.013300228863954544
151757.0,3582.5,0.013233658857643604
151757.0,3587.5,0.013189947232604027
151757.0,3592.5,0.013112049549818039
151757.0,3597.5,0.013051577843725681
151757.0,3602.5,0.012998300604522228
151757.0,3607.5,0.012920625507831573
151757.0,3612.5,0.012860478833317757
151757.0,3617.5,0.012799535878002644
151757.0,3622.5,0.012701408006250858
151757.0,3627.5,0.012659447267651558
151757.0,3632.5,0.012552384287118912
151757.0,3637.5,0.012460224330425262
151757.0,3642.5,0.012286818586289883
151757.0,3647.5,0.012357547879219055
151757.0,3652.5,0.012308845296502113
151757.0,3657.5,0.012185766361653805
151757.0,3662.5,0.012147250585258007
151757.0,3667.5,0.01207664329558611
151757.0,3672.5,0.01198467705398798
151757.0,3677.5,0.011793620884418488
151757.0,3682.5,0.011751130223274231
151757.0,3687.5,0.011849293485283852
151757.0,3692.5,0.011779074557125568
151757.0,3697.5,0.011541428975760937
151757.0,3702.5,0.011648817919194698
151757.0,3707.5,0.011544574052095413
151757.0,3712.5,0.011486239731311798
151757.0,3717.5,0.01139424555003643
151757.0,3722.5,0.0113615607842803
151757.0,3727.5,0.011307155713438988
151757.0,3732.5,0.011230358853936195
151757.0,3737.5,0.011065308935940266
151757.0,3742.5,0.010951611213386059
151757.0,3747.5,0.010977028869092464
151757.0,3752.5,0.011020909063518047
151757.0,3757.5,0.010983719490468502
151757.0,3762.5,0.010919074527919292
151757.0,3767.5,0.01087123528122902
151757.0,3772.5,0.010822655633091927
151757.0,3777.5,0.010770418681204319
151757.0,3782.5,0.010713485069572926
151757.0,3787.5,0.010675834491848946
151757.0,3792.5,0.010625654831528664
151757.0,3797.5,0.010579251684248447
151757.0,3802.5,0.010527593083679676
151757.0,3807.5,0.010489382781088352
151757.0,3812.5,0.01043599285185337
151757.0,3817.5,0.01038470771163702
151757.0,3822.5,0.010347050614655018
151757.0,3827.5,0.010307835415005684
151757.0,3832.5,0.010260635986924171
151757.0,3837.5,0.01018667034804821
151757.0,3842.5,0.010161778889596462
151757.0,3847.5,0.010132532566785812
151757.0,3852.5,0.010056521743535995
151757.0,3857.5,0.010013303719460964
151757.0,3862.5,0.009934868663549423
151757.0,3867.5,0.009421223774552345
151757.0,3872.5,0.009735972620546818
151757.0,3877.5,0.009820165112614632
151757.0,3882.5,0.009678896516561508
151757.0,3887.5,0.009536168538033962
151757.0,3892.5,0.009538711048662663
151757.0,3897.5,0.009491936303675175
151757.0,3902.5,0.009520119987428188
151757.0,3907.5,0.009406517259776592
151757.0,3912.5,0.009351146407425404
151757.0,3917.5,0.009470253251492977
151757.0,3922.5,0.009418565779924393
151757.0,3927.5,0.009368994273245335
151757.0,3932.5,0.00926139671355486
151757.0,3937.5,0.009277860634028912
151757.0,3942.5,0.009215633384883404
151757.0,3947.5,0.009182564914226532
151757.0,3952.5,0.009090716019272804
151757.0,3957.5,0.009093860164284706
151757.0,3962.5,0.00905655324459076
151757.0,3967.5,0.00892719067633152
151757.0,3972.5,0.008831198327243328
151757.0,3977.5,0.008863751776516438
151757.0,3982.5,0.008734463714063168
151757.0,3987.5,0.008610828779637814
151757.0,3992.5,0.008726120926439762
151757.0,3997.5,0.008564540185034275
151757.0,4002.5,0.008605647832155228
151757.0,4007.5,0.008604660630226135
151757.0,4012.5,0.008555307053029537
151757.0,4017.5,0.008507803082466125
151757.0,4022.5,0.008491188287734985
151757.0,4027.5,0.008469056338071823
151757.0,4032.5,0.008402836509048939
151757.0,4037.5,0.008372982032597065
151757.0,4042.5,0.008289755322039127
151757.0,4047.5,0.008274847641587257
151757.0,4052.5,0.007820994593203068
151757.0,4057.5,0.008108162321150303
151757.0,4062.5,0.008146208710968494
151757.0,4067.5,0.00811340007930994
151757.0,4072.5,0.008111374452710152
151757.0,4077.5,0.008077451959252357
151757.0,4082.5,0.008015359751880169
151757.0,4087.5,0.007952578365802765
151757.0,4092.5,0.007961289025843143
151757.0,4097.5,0.00792369432747364
151757.0,4102.5,0.007868201471865177
151757.0,4107.5,0.007844562642276287
151757.0,4112.5,0.0077524734660983086
151757.0,4117.5,0.007780411746352911
151757.0,4122.5,0.007739298976957798
151757.0,4127.5,0.0077087790705263615
151757.0,4132.5,0.0076270936988294125
151757.0,4137.5,0.007610077504068613
151757.0,4142.5,0.007552825380116701
151757.0,4147.5,0.007545030675828457
151757.0,4152.5,0.007517032325267792
151757.0,4157.5,0.007492817007005215
151757.0,4162.5,0.007459169719368219
151757.0,4167.5,0.007406666874885559
151757.0,4172.5,0.007383198477327824
151757.0,4177.5,0.007349928840994835
151757.0,4182.5,0.007271195761859417
151757.0,4187.5,0.007290751673281193
151757.0,4192.5,0.007200042717158794
151757.0,4197.5,0.007206946611404419
151757.0,4202.5,0.007040746975690126
151757.0,4207.5,0.006986129097640514
151757.0,4212.5,0.007121586706489325
151757.0,4217.5,0.0070912279188632965
151757.0,4222.5,0.007058155722916126
151757.0,4227.5,0.0070235831663012505
151757.0,4232.5,0.006984056904911995
151757.0,4237.5,0.006960101425647736
151757.0,4242.5,0.006923995912075043
151757.0,4247.5,0.0068874666467309
151757.0,4252.5,0.006849648430943489
151757.0,4257.5,0.006828308571130037
151757.0,4262.5,0.006792764645069838
151757.0,4267.5,0.006756397429853678
151757.0,4272.5,0.006731858476996422
151757.0,4277.5,0.006703434512019157
151757.0,4282.5,0.006671396549791098
151757.0,4287.5,0.006635055877268314
151757.0,4292.5,0.00656627444550395
151757.0,4297.5,0.006267111748456955
151757.0,4302.5,0.006368557922542095
151757.0,4307.5,0.006394256837666035
151757.0,4312.5,0.006355859339237213
151757.0,4317.5,0.006344047375023365
151757.0,4322.5,0.0063286698423326015
151757.0,4327.5,0.006292577832937241
151757.0,4332.5,0.0062375785782933235
151757.0,4337.5,0.006248881109058857
151757.0,4342.5,0.006201850716024637
151757.0,4347.5,0.006179330870509148
151757.0,4352.5,0.005857390351593494
151757.0,4357.5,0.006033267360180616
151757.0,4362.5,0.005945488344877958
151757.0,4367.5,0.005990919657051563
151757.0,4372.5,0.005922064650803804
151757.0,4377.5,0.005938886199146509
151757.0,4382.5,0.0059264651499688625
151757.0,4387.5,0.005903071258217096
151757.0,4392.5,0.005818251520395279
151757.0,4397.5,0.0058243595995008945
151757.0,4402.5,0.005787860136479139
151757.0,4407.5,0.0055870432406663895
151757.0,4412.5,0.0056275310926139355
151757.0,4417.5,0.005631248466670513
151757.0,4422.5,0.005635411012917757
151757.0,4427.5,0.005600524600595236
151757.0,4432.5,0.00556209497153759
151757.0,4437.5,0.005583241116255522
151757.0,4442.5,0.00552802300080657
151757.0,4447.5,0.005535217467695475
151757.0,4452.5,0.0055220904760062695
151757.0,4457.5,0.005491537973284721
151757.0,4462.5,0.005463500507175922
151757.0,4467.5,0.005280073266476393
151757.0,4472.5,0.005316110327839851
151757.0,4477.5,0.005328061059117317
151757.0,4482.5,0.005348073318600655
151757.0,4487.5,0.005254783201962709
151757.0,4492.5,0.005298541393131018
151757.0,4497.5,0.005285217892378569
151757.0,4502.5,0.00524089066311717
151757.0,4507.5,0.005123170558363199
151757.0,4512.5,0.005203715525567532
151757.0,4517.5,0.00519590824842453
151757.0,4522.5,0.0051458594389259815
151757.0,4527.5,0.0050305211916565895
151757.0,4532.5,0.00504473689943552
151757.0,4537.5,0.005080175586044788
151757.0,4542.5,0.005053024273365736
151757.0,4547.5,0.005023959092795849
151757.0,4552.5,0.00498158996924758
151757.0,4557.5,0.005003233440220356
151757.0,4562.5,0.005006821360439062
151757.0,4567.5,0.0049414061941206455
151757.0,4572.5,0.004952126648277044
151757.0,4577.5,0.0049239955842494965
151757.0,4582.5,0.004861814435571432
151757.0,4587.5,0.0047761243768036366
151757.0,4592.5,0.004836464766412973
151757.0,4597.5,0.004785823170095682
151757.0,4602.5,0.004736808594316244
151757.0,4607.5,0.00476208608597517
151757.0,4612.5,0.004797249101102352
151757.0,4617.5,0.004720251075923443
151757.0,4622.5,0.004712185822427273
151757.0,4627.5,0.004698519129306078
151757.0,4632.5,0.0046988800168037415
151757.0,4637.5,0.004674193914979696
151757.0,4642.5,0.004681877791881561
151757.0,4647.5,0.004589306190609932
151757.0,4652.5,0.004491119645535946
151757.0,4657.5,0.004585083108395338
151757.0,4662.5,0.0045700678601861
151757.0,4667.5,0.004541773349046707
151757.0,4672.5,0.004561829846352339
151757.0,4677.5,0.004556837026029825
151757.0,4682.5,0.004522884264588356
151757.0,4687.5,0.004537153989076614
151757.0,4692.5,0.004497297573834658
151757.0,4697.5,0.004464589059352875
151757.0,4702.5,0.004489894490689039
151757.0,4707.5,0.004441921133548021
151757.0,4712.5,0.004390646703541279
151757.0,4717.5,0.00437104282900691
151757.0,4722.5,0.004427730105817318
151757.0,4727.5,0.004347379319369793
151757.0,4732.5,0.004354679957032204
151757.0,4737.5,0.004368525929749012
151757.0,4742.5,0.004341007675975561
151757.0,4747.5,0.004316217731684446
151757.0,4752.5,0.004277567844837904
151757.0,4757.5,0.004278615582734346
151757.0,4762.5,0.004263869486749172
151757.0,4767.5,0.004247903358191252
151757.0,4772.5,0.004208668600767851
151757.0,4777.5,0.004187061917036772
151757.0,4782.5,0.004198194481432438
151757.0,4787.5,0.004167832434177399
151757.0,4792.5,0.004142184741795063
151757.0,4797.5,0.00419109920039773
151757.0,4802.5,0.004074720200151205
151757.0,4807.5,0.004144677892327309
151757.0,4812.5,0.004083429463207722
151757.0,4817.5,0.00410897983238101
151757.0,4822.5,0.004063604865223169
151757.0,4827.5,0.004087924491614103
151757.0,4832.5,0.0040139127522706985
151757.0,4837.5,0.0040707895532250404
151757.0,4842.5,0.003993129823356867
151757.0,4847.5,0.004003983456641436
151757.0,4852.5,0.00396763626486063
151757.0,4857.5,0.003958776127547026
151757.0,4862.5,0.003933922853320837
151757.0,4867.5,0.0039054665248841047
151757.0,4872.5,0.0038973367772996426
151757.0,4877.5,0.0038810409605503082
151757.0,4882.5,0.003886888734996319
151757.0,4887.5,0.003870347049087286
151757.0,4892.5,0.003885537851601839
151757.0,4897.5,0.0038286864291876554
151757.0,4902.5,0.003892808221280575
151757.0,4907.5,0.0037618372589349747
151757.0,4912.5,0.0038316897116601467
151757.0,4917.5,0.003754550591111183
151757.0,4922.5,0.003802267601713538
151757.0,4927.5,0.003727989736944437
151757.0,4932.5,0.0037573243025690317
151757.0,4937.5,0.0036975678522139788
151757.0,4942.5,0.003698865184560418
151757.0,4947.5,0.003680296242237091
151757.0,4952.5,0.0037131691351532936
151757.0,4957.5,0.0036471490748226643
151757.0,4962.5,0.0036479171831160784
151757.0,4967.5,0.003622794756665826
151757.0,4972.5,0.0036540450528264046
151757.0,4977.5,0.003603053744882345
151757.0,4982.5,0.0036070498172193766
151757.0,4987.5,0.003608656581491232
151757.0,4992.5,0.0035129894968122244
151757.0,4997.5,0.0035980220418423414
151757.0,5005.0,0.0035277563147246838
151757.0,5015.0,0.003507953369989991
151757.0,5025.0,0.003491413313895464
151757.0,5035.0,0.0034753624349832535
151757.0,5045.0,0.0034391460940241814
151757.0,5055.0,0.0034002908505499363
151757.0,5065.0,0.003395388601347804
151757.0,5075.0,0.0033504883758723736
151757.0,5085.0,0.003347285557538271
151757.0,5095.0,0.0033021713607013226
151757.0,5105.0,0.0032384805381298065
151757.0,5115.0,0.003276537172496319
151757.0,5125.0,0.0032456028275191784
151757.0,5135.0,0.003204873064532876
151757.0,5145.0,0.0031713780481368303
151757.0,5155.0,0.0031772551592439413
151757.0,5165.0,0.003152611665427685
151757.0,5175.0,0.003135362407192588
151757.0,5185.0,0.0030885222367942333
151757.0,5195.0,0.003088254714384675
151757.0,5205.0,0.003067069686949253
151757.0,5215.0,0.00301960832439363
151757.0,5225.0,0.0030139940790832043
151757.0,5235.0,0.002977959578856826
151757.0,5245.0,0.002963787643238902
151757.0,5255.0,0.0029423891101032495
151757.0,5265.0,0.00291950604878366
151757.0,5275.0,0.002930325921624899
151757.0,5285.0,0.002883200766518712
151757.0,5295.0,0.0028612951282411814
151757.0,5305.0,0.0028432735707610846
151757.0,5315.0,0.0028300767298787832
151757.0,5325.0,0.002804892836138606
151757.0,5335.0,0.0027850475162267685
151757.0,5345.0,0.002777686109766364
151757.0,5355.0,0.002734634792432189
151757.0,5365.0,0.0027332096360623837
151757.0,5375.0,0.002710354048758745
151757.0,5385.0,0.002691844245418906
151757.0,5395.0,0.0026751107070595026
151757.0,5405.0,0.002654987620189786
151757.0,5415.0,0.0026371979620307684
151757.0,5425.0,0.0026060256641358137
151757.0,5435.0,0.002591978060081601
151757.0,5445.0,0.0026026698760688305
151757.0,5455.0,0.0025485584046691656
151757.0,5465.0,0.0025312728248536587
151757.0,5475.0,0.002527561504393816
151757.0,5485.0,0.002517722314223647
151757.0,5495.0,0.0024866065941751003
151757.0,5505.0,0.0024881132412701845
151757.0,5515.0,0.0024542617611587048
151757.0,5525.0,0.002443044213578105
151757.0,5535.0,0.0024448097683489323
151757.0,5545.0,0.0023989062756299973
151757.0,5555.0,0.0023976729717105627
151757.0,5565.0,0.002383741084486246
151757.0,5575.0,0.0023718285374343395
151757.0,5585.0,0.0023407614789903164
151757.0,5595.0,0.002335471799597144
151757.0,5605.0,0.0023131424095481634
151757.0,5615.0,0.0023053723853081465
151757.0,5625.0,0.0022930323611944914
151757.0,5635.0,0.0022567734122276306
151757.0,5645.0,0.0022671876940876245
151757.0,5655.0,0.0022391981910914183
151757.0,5665.0,0.0022323578596115112
151757.0,5675.0,0.002212998690083623
151757.0,5685.0,0.0021993445698171854
151757.0,5695.0,0.0021786282304674387
151757.0,5705.0,0.002185787772759795
151757.0,5715.0,0.0021444312296807766
151757.0,5725.0,0.0021482384763658047
151757.0,5735.0,0.0021256268955767155
151757.0,5745.0,0.002121052937582135
151757.0,5755.0,0.002093786373734474
151757.0,5765.0,0.002094669733196497
151757.0,5775.0,0.00206604297272861
151757.0,5785.0,0.00207156571559608
151757.0,5795.0,0.002040023449808359
151757.0,5805.0,0.00204263674095273
151757.0,5815.0,0.002011677483096719
151757.0,5825.0,0.002013241173699498
151757.0,5835.0,0.001989285694435239
151757.0,5845.0,0.0019891418050974607
151757.0,5855.0,0.00196471787057817
151757.0,5865.0,0.001958318054676056
151757.0,5875.0,0.0019338123966008425
151757.0,5885.0,0.0019363121828064322
151757.0,5895.0,0.0019064657390117645
151757.0,5905.0,0.0019071466522291303
151757.0,5915.0,0.0018895930843427777
151757.0,5925.0,0.001882593147456646
151757.0,5935.0,0.0018658960470929742
151757.0,5945.0,0.0018536548595875502
151757.0,5955.0,0.001844483078457415
151757.0,5965.0,0.001836607581935823
151757.0,5975.0,0.0018237734911963344
151757.0,5985.0,0.0018105829367414117
151757.0,5995.0,0.0018020567949861288
151757.0,6005.0,0.001788646331988275
151757.0,6015.0,0.0017816900508478284
151757.0,6025.0,0.0017655707197263837
151757.0,6035.0,0.0017597659025341272
151757.0,6045.0,0.0017381435027346015
151757.0,6055.0,0.0017413581954315305
151757.0,6065.0,0.001716342056170106
151757.0,6075.0,0.0017169531201943755
151757.0,6085.0,0.0016974532045423985
151757.0,6095.0,0.001690642791800201
151757.0,6105.0,0.0016698326217010617
151757.0,6115.0,0.0016705660382285714
151757.0,6125.0,0.0016588818980380893
151757.0,6135.0,0.0016498027835041285
151757.0,6145.0,0.001644726493395865
151757.0,6155.0,0.0016268107574433088
151757.0,6165.0,0.0016242297133430839
151757.0,6175.0,0.0016066604293882847
151757.0,6185.0,0.0016030404949560761
151757.0,6195.0,0.0015892182709649205
151757.0,6205.0,0.0015814689686521888
151757.0,6215.0,0.0015714264009147882
151757.0,6225.0,0.0015523103065788746
151757.0,6235.0,0.0015536026330664754
151757.0,6245.0,0.001529933768324554
151757.0,6255.0,0.0015342036494985223
151757.0,6265.0,0.0015192952705547214
151757.0,6275.0,0.0015133150154724717
151757.0,6285.0,0.0015045235631987453
151757.0,6295.0,0.001493634656071663
151757.0,6305.0,0.0014844118850305676
151757.0,6315.0,0.0014758415054529905
151757.0,6325.0,0.0014698045561090112
151757.0,6335.0,0.0014593314845114946
151757.0,6345.0,0.001450595329515636
151757.0,6355.0,0.0014412294840440154
151757.0,6365.0,0.0014291433617472649
151757.0,6375.0,0.0014259658055379987
151757.0,6385.0,0.0014147830661386251
151757.0,6395.0,0.0014063420239835978
151757.0,6405.0,0.0013987277634441853
151757.0,6415.0,0.0013926137471571565
151757.0,6425.0,0.0013817081926390529
151757.0,6435.0,0.0013747221091762185
151757.0,6445.0,0.0013658279785886407
151757.0,6455.0,0.0013568029971793294
151757.0,6465.0,0.001349749625660479
151757.0,6475.0,0.0013362285681068897
151757.0,6485.0,0.001327242935076356
151757.0,6495.0,0.0013252322096377611
151757.0,6505.0,0.0013163588009774685
151757.0,6515.0,0.0013104670215398073
151757.0,6525.0,0.0013023077044636011
151757.0,6535.0,0.0012943004257977009
151757.0,6545.0,0.0012868717312812805
151757.0,6555.0,0.0012788234744220972
151757.0,6565.0,0.00127224822062999
151757.0,6575.0,0.0012639279011636972
151757.0,6585.0,0.0012570610269904137
151757.0,6595.0,0.0012498927535489202
151757.0,6605.0,0.0012412082869559526
151757.0,6615.0,0.00123487354721874
151757.0,6625.0,0.001227375352755189
151757.0,6635.0,0.001219580415636301
151757.0,6645.0,0.0012131915427744389
151757.0,6655.0,0.0012063209433108568
151757.0,6665.0,0.001199215417727828
151757.0,6675.0,0.0011918299132958055
151757.0,6685.0,0.001185546861961484
151757.0,6695.0,0.001177635625936091
151757.0,6705.0,0.0011698160087689757
151757.0,6715.0,0.001164745190180838
151757.0,6725.0,0.0011571318609640002
151757.0,6735.0,0.0011507068993523717
151757.0,6745.0,0.0011442882241681218
151757.0,6755.0,0.0011345098027959466
151757.0,6765.0,0.0011309088440611959
151757.0,6775.0,0.0011246342910453677
151757.0,6785.0,0.0011175022227689624
151757.0,6795.0,0.001111903926357627
151757.0,6805.0,0.0011052443878725171
151757.0,6815.0,0.0010979371145367622
151757.0,6825.0,0.0010926880640909076
151757.0,6835.0,0.0010866228258237243
151757.0,6845.0,0.0010807435028254986
151757.0,6855.0,0.0010741314617916942
151757.0,6865.0,0.0010682845022529364
151757.0,6875.0,0.0010622008703649044
151757.0,6885.0,0.0010556986089795828
151757.0,6895.0,0.001050054794177413
151757.0,6905.0,0.0010445333318784833
151757.0,6915.0,0.0010385423665866256
151757.0,6925.0,0.001032754429616034
151757.0,6935.0,0.0010270533384755254
151757.0,6945.0,0.0010204165009781718
151757.0,6955.0,0.0010153903858736157
151757.0,6965.0,0.0010098665952682495
151757.0,6975.0,0.001003995887003839
151757.0,6985.0,9.98578849248588E-4
151757.0,6995.0,9.931584354490042E-4
151757.0,7005.0,9.874728275462985E-4
151757.0,7015.0,9.785438887774944E-4
151757.0,7025.0,9.733881452120841E-4
151757.0,7035.0,9.717048960737884E-4
151757.0,7045.0,9.666142286732793E-4
151757.0,7055.0,9.613936999812722E-4
151757.0,7065.0,9.548946400173008E-4
151757.0,7075.0,9.511841926723719E-4
151757.0,7085.0,9.461157023906708E-4
151757.0,7095.0,9.411610080860555E-4
151757.0,7105.0,9.248561691492796E-4
151757.0,7115.0,9.269947186112404E-4
151757.0,7125.0,9.246276458725333E-4
151757.0,7135.0,9.201099164783955E-4
151757.0,7145.0,9.154522558674216E-4
151757.0,7155.0,9.0885377721861E-4
151757.0,7165.0,9.041554876603186E-4
151757.0,7175.0,8.99381993804127E-4
151757.0,7185.0,8.946182206273079E-4
151757.0,7195.0,8.879210217855871E-4
151757.0,7205.0,8.834278560243547E-4
151757.0,7215.0,8.786131511442363E-4
151757.0,7225.0,8.761173230595887E-4
151757.0,7235.0,8.714063442312181E-4
151757.0,7245.0,8.665015920996666E-4
151757.0,7255.0,8.602059097029269E-4
151757.0,7265.0,8.567498298361897E-4
151757.0,7275.0,8.481977274641395E-4
151757.0,7285.0,8.484382415190339E-4
151757.0,7295.0,8.420679369010031E-4
151757.0,7305.0,8.389410213567317E-4
151757.0,7315.0,8.355528116226196E-4
151757.0,7325.0,8.302276255562901E-4
151757.0,7335.0,8.248344529420137E-4
151757.0,7345.0,8.21725174318999E-4
151757.0,7355.0,8.170051733031869E-4
151757.0,7365.0,8.150090579874814E-4
151757.0,7375.0,7.994954939931631E-4
151757.0,7385.0,7.977698696777225E-4
151757.0,7395.0,7.95833591837436E-4
151757.0,7405.0,7.941992953419685E-4
151757.0,7415.0,7.948052370920777E-4
151757.0,7425.0,7.833597483113408E-4
151757.0,7435.0,7.817892474122345E-4
151757.0,7445.0,7.733924430795014E-4
151757.0,7455.0,7.688438636250794E-4
151757.0,7465.0,7.670021732337773E-4
151757.0,7475.0,7.661439012736082E-4
151757.0,7485.0,7.571229944005609E-4
151757.0,7495.0,7.576960488222539E-4
151757.0,7505.0,7.505998946726322E-4
151757.0,7515.0,7.505358662456274E-4
151757.0,7525.0,7.466700626537204E-4
151757.0,7535.0,7.428653771057725E-4
151757.0,7545.0,7.378484006039798E-4
151757.0,7555.0,7.348812068812549E-4
151757.0,7565.0,7.31102074496448E-4
151757.0,7575.0,7.267819019034505E-4
151757.0,7585.0,7.235409575514495E-4
151757.0,7595.0,7.198097882792354E-4
151757.0,7605.0,7.16040434781462E-4
151757.0,7615.0,7.122037350200117E-4
151757.0,7625.0,7.082999218255281E-4
151757.0,7635.0,7.043602527119219E-4
151757.0,7645.0,7.014129660092294E-4
151757.0,7655.0,6.976419244892895E-4
151757.0,7665.0,6.9420225918293E-4
151757.0,7675.0,6.906698690727353E-4
151757.0,7685.0,6.871553487144411E-4
151757.0,7695.0,6.83605729136616E-4
151757.0,7705.0,6.801089621149004E-4
151757.0,7715.0,6.763891433365643E-4
151757.0,7725.0,6.730550085194409E-4
151757.0,7735.0,6.698418292216957E-4
151757.0,7745.0,6.66482956148684E-4
151757.0,7755.0,6.63131067994982E-4
151757.0,7765.0,6.597561878152192E-4
151757.0,7775.0,6.564780487678945E-4
151757.0,7785.0,6.531604449264705E-4
151757.0,7795.0,6.499110022559762E-4
151757.0,7805.0,6.466834456659853E-4
151757.0,7815.0,6.433960516005754E-4
151757.0,7825.0,6.402150029316545E-4
151757.0,7835.0,6.370471674017608E-4
151757.0,7845.0,6.33792020380497E-4
151757.0,7855.0,6.307472358457744E-4
151757.0,7865.0,6.275887717492878E-4
151757.0,7875.0,6.244945107027888E-4
151757.0,7885.0,6.213596207089722E-4
151757.0,7895.0,6.178560433909297E-4
151757.0,7905.0,6.152229616418481E-4
151757.0,7915.0,6.121566402725875E-4
151757.0,7925.0,6.08864997047931E-4
151757.0,7935.0,6.061069434508681E-4
151757.0,7945.0,6.030339282006025E-4
151757.0,7955.0,6.000989815220237E-4
151757.0,7965.0,5.971210193820298E-4
151757.0,7975.0,5.94157085288316E-4
151757.0,7985.0,5.912313936278224E-4
151757.0,7995.0,5.883103585802019E-4
151757.0,8005.0,5.853992188349366E-4
151757.0,8015.0,5.824877880513668E-4
151757.0,8025.0,5.795528995804489E-4
151757.0,8035.0,5.767265683971345E-4
151757.0,8045.0,5.739612388424575E-4
151757.0,8055.0,5.712483543902636E-4
151757.0,8065.0,5.682646878995001E-4
151757.0,8075.0,5.648006917908788E-4
151757.0,8085.0,5.629449733532965E-4
151757.0,8095.0,5.601801676675677E-4
151757.0,8105.0,5.574391107074916E-4
151757.0,8115.0,5.547540495172143E-4
151757.0,8125.0,5.519932601600885E-4
151757.0,8135.0,5.493359640240669E-4
151757.0,8145.0,5.466966540552676E-4
151757.0,8155.0,5.440535023808479E-4
151757.0,8165.0,5.413913168013096E-4
151757.0,8175.0,5.383699899539351E-4
151757.0,8185.0,5.360169452615082E-4
151757.0,8195.0,5.336866597644985E-4
151757.0,8205.0,5.312137654982507E-4
151757.0,8215.0,5.286578671075404E-4
151757.0,8225.0,5.262144841253757E-4
151757.0,8235.0,5.236578290350735E-4
151757.0,8245.0,5.211866809986532E-4
151757.0,8255.0,5.187810747884214E-4
151757.0,8265.0,5.16291824169457E-4
151757.0,8275.0,5.139106651768088E-4
151757.0,8285.0,5.114147788845003E-4
151757.0,8295.0,5.090259364806116E-4
151757.0,8305.0,5.06631622556597E-4
151757.0,8315.0,5.040255491621792E-4
151757.0,8325.0,5.017966614104807E-4
151757.0,8335.0,4.994227783754468E-4
151757.0,8345.0,4.96569846291095E-4
151757.0,8355.0,4.94617794174701E-4
151757.0,8365.0,4.923626547679305E-4
151757.0,8375.0,4.897568724118173E-4
151757.0,8385.0,4.8773622256703675E-4
151757.0,8395.0,4.8546335892751813E-4
151757.0,8405.0,4.833271377719939E-4
151757.0,8415.0,4.810730752069503E-4
151757.0,8425.0,4.788242222275585E-4
151757.0,8435.0,4.7663337318226695E-4
151757.0,8445.0,4.743949684780091E-4
151757.0,8455.0,4.719567659776658E-4
151757.0,8465.0,4.700172576121986E-4
151757.0,8475.0,4.679011763073504E-4
151757.0,8485.0,4.6571585698984563E-4
151757.0,8495.0,4.6345393639057875E-4
151757.0,8505.0,4.613230121321976E-4
151757.0,8515.0,4.5925943413749337E-4
151757.0,8525.0,4.5715365558862686E-4
151757.0,8535.0,4.549483419395983E-4
151757.0,8545.0,4.528696008492261E-4
151757.0,8555.0,4.509346326813102E-4
151757.0,8565.0,4.4886168325319886E-4
151757.0,8575.0,4.4667930342257023E-4
151757.0,8585.0,4.4475463801063597E-4
151757.0,8595.0,4.426651285029948E-4
151757.0,8605.0,4.4068353599868715E-4
151757.0,8615.0,4.383761261124164E-4
151757.0,8625.0,4.366646462585777E-4
151757.0,8635.0,4.3453837861306965E-4
151757.0,8645.0,4.326811758801341E-4
151757.0,8655.0,4.3074353015981615E-4
151757.0,8665.0,4.287176707293838E-4
151757.0,8675.0,4.268426855560392E-4
151757.0,8685.0,4.248091718181968E-4
151757.0,8695.0,4.2292234138585627E-4
151757.0,8705.0,4.210039332974702E-4
151757.0,8715.0,4.191888147033751E-4
151757.0,8725.0,4.1721982415765524E-4
151757.0,8735.0,4.153190820943564E-4
151757.0,8745.0,4.134163318667561E-4
151757.0,8755.0,4.1140030953101814E-4
151757.0,8765.0,4.0956801967695355E-4
151757.0,8775.0,4.0791253559291363E-4
151757.0,8785.0,4.0609651478007436E-4
151757.0,8795.0,4.042752261739224E-4
151757.0,8805.0,4.0243822149932384E-4
151757.0,8815.0,4.007397801615298E-4
151757.0,8825.0,3.989847609773278E-4
151757.0,8835.0,3.972263657487929E-4
151757.0,8845.0,3.9544026367366314E-4
151757.0,8855.0,3.9372395258396864E-4
151757.0,8865.0,3.919207665603608E-4
151757.0,8875.0,3.887649509124458E-4
151757.0,8885.0,3.869605716317892E-4
151757.0,8895.0,3.86812404030934E-4
151757.0,8905.0,3.8507109275087714E-4
151757.0,8915.0,3.8338772719725966E-4
151757.0,8925.0,3.8161006523296237E-4
151757.0,8935.0,3.797303361352533E-4
151757.0,8945.0,3.78282304154709E-4
151757.0,8955.0,3.765934961847961E-4
151757.0,8965.0,3.748718008864671E-4
151757.0,8975.0,3.732024924829602E-4
151757.0,8985.0,3.71508183889091E-4
151757.0,8995.0,3.700067463796586E-4
151757.0,9005.0,3.684077237267047E-4
151757.0,9015.0,3.667452547233552E-4
151757.0,9025.0,3.6513200029730797E-4
151757.0,9035.0,3.6361708771437407E-4
151757.0,9045.0,3.6208625533618033E-4
151757.0,9055.0,3.605094680096954E-4
151757.0,9065.0,3.5893055610358715E-4
151757.0,9075.0,3.5742420004680753E-4
151757.0,9085.0,3.556317533366382E-4
151757.0,9095.0,3.5385190858505666E-4
151757.0,9105.0,3.5283490433357656E-4
151757.0,9115.0,3.513153933454305E-4
151757.0,9125.0,3.4957443131133914E-4
151757.0,9135.0,3.4753073123283684E-4
151757.0,9145.0,3.4676806535571814E-4
151757.0,9155.0,3.452083910815418E-4
151757.0,9165.0,3.437903360463679E-4
151757.0,9175.0,3.422628215048462E-4
151757.0,9185.0,3.408194170333445E-4
151757.0,9195.0,3.394402447156608E-4
151757.0,9205.0,3.3797507057897747E-4
151757.0,9215.0,3.364323347341269E-4
151757.0,9225.0,3.351356426719576E-4
151757.0,9235.0,3.3371534664183855E-4
151757.0,9245.0,3.3230215194635093E-4
151757.0,9255.0,3.308961750008166E-4
151757.0,9265.0,3.2930681481957436E-4
151757.0,9275.0,3.280893142800778E-4
151757.0,9285.0,3.267152642365545E-4
151757.0,9295.0,3.2528373412787914E-4
151757.0,9305.0,3.2397222821600735E-4
151757.0,9315.0,3.2260562875308096E-4
151757.0,9325.0,3.210549766663462E-4
151757.0,9335.0,3.1985901296138763E-4
151757.0,9345.0,3.1844977638684213E-4
151757.0,9355.0,3.172010474372655E-4
151757.0,9365.0,3.158662875648588E-4
151757.0,9375.0,3.145381051581353E-4
151757.0,9385.0,3.131707780994475E-4
151757.0,9395.0,3.1174469040706754E-4
151757.0,9405.0,3.105941868852824E-4
151757.0,9415.0,3.0930261709727347E-4
151757.0,9425.0,3.07997950585559E-4
151757.0,9435.0,3.067180223297328E-4
151757.0,9445.0,3.0540136503987014E-4
151757.0,9455.0,3.0416561639867723E-4
151757.0,9465.0,3.027627244591713E-4
151757.0,9475.0,3.0139912269078195E-4
151757.0,9485.0,3.003772289957851E-4
151757.0,9495.0,2.991259389091283E-4
151757.0,9505.0,2.9785625520162284E-4
151757.0,9515.0,2.96534359222278E-4
151757.0,9525.0,2.9539017123170197E-4
151757.0,9535.0,2.942233986686915E-4
151757.0,9545.0,2.9301640461198986E-4
151757.0,9555.0,2.918147365562618E-4
151757.0,9565.0,2.90277210297063E-4
151757.0,9575.0,2.8940264019183815E-4
151757.0,9585.0,2.882006228901446E-4
151757.0,9595.0,2.870517782866955E-4
151757.0,9605.0,2.8589641442522407E-4
151757.0,9615.0,2.847266150638461E-4
151757.0,9625.0,2.8357034898363054E-4
151757.0,9635.0,2.8243090491741896E-4
151757.0,9645.0,2.8128447593189776E-4
151757.0,9655.0,2.8014337294735014E-4
151757.0,9665.0,2.787874545902014E-4
151757.0,9675.0,2.77645536698401E-4
151757.0,9685.0,2.767146215774119E-4
151757.0,9695.0,2.756168833002448E-4
151757.0,9705.0,2.744650701060891E-4
151757.0,9715.0,2.733403234742582E-4
151757.0,9725.0,2.7135503478348255E-4
151757.0,9735.0,2.711071283556521E-4
151757.0,9745.0,2.6994477957487106E-4
151757.0,9755.0,2.688808017410338E-4
151757.0,9765.0,2.6784889632835984E-4
151757.0,9775.0,2.6676131528802216E-4
151757.0,9785.0,2.654534764587879E-4
151757.0,9795.0,2.6439898647367954E-4
151757.0,9805.0,2.634583506733179E-4
151757.0,9815.0,2.6245403569191694E-4
151757.0,9825.0,2.614225959405303E-4
151757.0,9835.0,2.6040791999548674E-4
151757.0,9845.0,2.5931786512956023E-4
151757.0,9855.0,2.583362511359155E-4
151757.0,9865.0,2.572529192548245E-4
151757.0,9875.0,2.563067537266761E-4
151757.0,9885.0,2.5526719400659204E-4
151757.0,9895.0,2.5430042296648026E-4
151757.0,9905.0,2.5329546770080924E-4
151757.0,9915.0,2.5197159266099334E-4
151757.0,9925.0,2.508412580937147E-4
151757.0,9935.0,2.5026744697242975E-4
151757.0,9945.0,2.4922125157900155E-4
151757.0,9955.0,2.482672280166298E-4
151757.0,9965.0,2.4725624825805426E-4
151757.0,9975.0,2.462527190800756E-4
151757.0,9985.0,2.454019559081644E-4
151757.0,9995.0,2.4444848531857133E-4
151757.0,10025.0,2.4159587337635458E-4
151757.0,10075.0,2.3686936765443534E-4
151757.0,10125.0,2.3235696426127106E-4
151757.0,10175.0,2.2791519586462528E-4
151757.0,10225.0,2.2347885533235967E-4
151757.0,10275.0,2.1932170784566551E-4
151757.0,10325.0,2.1516249398700893E-4
151757.0,10375.0,2.1104382176417857E-4
151757.0,10425.0,2.0689418306574225E-4
151757.0,10475.0,2.0326647791080177E-4
151757.0,10525.0,1.994152262341231E-4
151757.0,10575.0,1.9569630967453122E-4
151757.0,10625.0,1.9212078768759966E-4
151757.0,10675.0,1.8859613919630647E-4
151757.0,10725.0,1.851768756750971E-4
151757.0,10775.0,1.8180478946305811E-4
151757.0,10825.0,1.7835896869655699E-4
151757.0,10875.0,1.7523515271022916E-4
151757.0,10925.0,1.7212206148542464E-4
151757.0,10975.0,1.6904837684705853E-4
151757.0,11025.0,1.6603937547188252E-4
151757.0,11075.0,1.6303603479173034E-4
151757.0,11125.0,1.6033113934099674E-4
151757.0,11175.0,1.573195040691644E-4
151757.0,11225.0,1.5462300507351756E-4
151757.0,11275.0,1.5190732665359974E-4
151757.0,11325.0,1.4921619731467217E-4
151757.0,11375.0,1.467414986109361E-4
151757.0,11425.0,1.4421602827496827E-4
151757.0,11475.0,1.417685707565397E-4
151757.0,11525.0,1.3934247544966638E-4
151757.0,11575.0,1.370136596960947E-4
151757.0,11625.0,1.3460664195008576E-4
151757.0,11675.0,1.3241602573543787E-4
151757.0,11725.0,1.3020647747907788E-4
151757.0,11775.0,1.2786041770596057E-4
151757.0,11825.0,1.2589390098582953E-4
151757.0,11875.0,1.2386128946673125E-4
151757.0,11925.0,1.2166144733782858E-4
151757.0,11975.0,1.1978604015894234E-4
151757.0,12025.0,1.178487655124627E-4
151757.0,12075.0,1.158964223577641E-4
151757.0,12125.0,1.1402499512769282E-4
151757.0,12175.0,1.1232205724809319E-4
151757.0,12225.0,1.101911038858816E-4
151757.0,12275.0,1.0856953304028139E-4
151757.0,12325.0,1.0675853991415352E-4
151757.0,12375.0,1.0513469896977767E-4
151757.0,12425.0,1.0346568888053298E-4
151757.0,12475.0,1.0187462612520903E-4
151757.0,12525.0,1.0026134259533137E-4
151757.0,12575.0,9.870040230453014E-5
151757.0,12625.0,9.714706538943574E-5
151757.0,12675.0,9.561947808833793E-5
151757.0,12725.0,9.42248007049784E-5
151757.0,12775.0,9.271258750231937E-5
151757.0,12825.0,9.132047125604004E-5
151757.0,12875.0,8.990559581434354E-5
151757.0,12925.0,8.851398160913959E-5
151757.0,12975.0,8.715715375728905E-5
151757.0,13025.0,8.589115896029398E-5
151757.0,13075.0,8.44744427013211E-5
151757.0,13125.0,8.334925951203331E-5
151757.0,13175.0,8.203036850318313E-5
151757.0,13225.0,8.083901775535196E-5
151757.0,13275.0,7.963721873238683E-5
151757.0,13325.0,7.846085645724088E-5
151757.0,13375.0,7.729525532340631E-5
151757.0,13425.0,7.618839299539104E-5
151757.0,13475.0,7.509347051382065E-5
151757.0,13525.0,7.392919360427186E-5
151757.0,13575.0,7.294626266229898E-5
151757.0,13625.0,7.181939872680232E-5
151757.0,13675.0,7.082250522216782E-5
151757.0,13725.0,6.978046440053731E-5
151757.0,13775.0,6.875502003822476E-5
151757.0,13825.0,6.780117837479338E-5
151757.0,13875.0,6.68416905682534E-5
151757.0,13925.0,6.589357508346438E-5
151757.0,13975.0,6.497676076833159E-5
151757.0,14025.0,6.406609463738278E-5
151757.0,14075.0,6.311274773906916E-5
151757.0,14125.0,6.227551057236269E-5
151757.0,14175.0,6.143275822978467E-5
151757.0,14225.0,6.0549788031494245E-5
151757.0,14275.0,5.973720908514224E-5
151757.0,14325.0,5.89186092838645E-5
151757.0,14375.0,5.8105775678996E-5
151757.0,14425.0,5.7310640841023996E-5
151757.0,14475.0,5.6535533076385036E-5
151757.0,14525.0,5.577036790782586E-5
151757.0,14575.0,5.503302236320451E-5
151757.0,14625.0,5.421098103397526E-5
151757.0,14675.0,5.350226638256572E-5
151757.0,14725.0,5.279565812088549E-5
151757.0,14775.0,5.209170558373444E-5
151757.0,14825.0,5.139647691976279E-5
151757.0,14875.0,5.0700444262474775E-5
151757.0,14925.0,5.004708145861514E-5
151757.0,14975.0,4.9388523621018976E-5
151757.0,15025.0,4.8742611397756264E-5
151757.0,15075.0,4.810465543414466E-5
151757.0,15125.0,4.7477809857809916E-5
151757.0,15175.0,4.6869459765730426E-5
151757.0,15225.0,4.628333408618346E-5
151757.0,15275.0,4.55856388725806E-5
151757.0,15325.0,4.509202335611917E-5
151757.0,15375.0,4.45049736299552E-5
151757.0,15425.0,4.3930907850153744E-5
151757.0,15475.0,4.337081918492913E-5
151757.0,15525.0,4.2820167436730117E-5
151757.0,15575.0,4.2283932998543605E-5
151757.0,15625.0,4.175008143647574E-5
151757.0,15675.0,4.121947131352499E-5
151757.0,15725.0,4.069715578225441E-5
151757.0,15775.0,4.018108666059561E-5
151757.0,15825.0,3.967922748415731E-5
151757.0,15875.0,3.918937363778241E-5
151757.0,15925.0,3.868027124553919E-5
151757.0,15975.0,3.822691360255703E-5
151757.0,16025.0,3.771808769670315E-5
151757.0,16075.0,3.7304311263142154E-5
151757.0,16125.0,3.68288456229493E-5
151757.0,16175.0,3.6370787711348385E-5
151757.0,16225.0,3.5927616409026086E-5
151757.0,16275.0,3.5494256735546514E-5
151757.0,16325.0,3.5066386772086844E-5
151757.0,16375.0,3.4643031540326774E-5
151757.0,16425.0,3.422554436838254E-5
151757.0,16475.0,3.38172321789898E-5
151757.0,16525.0,3.3419561077607796E-5
151757.0,16575.0,3.302027835161425E-5
151757.0,16625.0,3.2625976018607616E-5
151757.0,16675.0,3.224103420507163E-5
151757.0,16725.0,3.1857751309871674E-5
151757.0,16775.0,3.1484381906921044E-5
151757.0,16825.0,3.1113362638279796E-5
151757.0,16875.0,3.074442793149501E-5
151757.0,16925.0,3.0389235689654015E-5
151757.0,16975.0,3.003743404406123E-5
151757.0,17025.0,2.9687851565540768E-5
151757.0,17075.0,2.934216900030151E-5
151757.0,17125.0,2.9002485462115146E-5
151757.0,17175.0,2.8670179744949564E-5
151757.0,17225.0,2.833970393112395E-5
151757.0,17275.0,2.8016729629598558E-5
151757.0,17325.0,2.769706588878762E-5
151757.0,17375.0,2.738152033998631E-5
151757.0,17425.0,2.7069430871051736E-5
151757.0,17475.0,2.6764615540741943E-5
151757.0,17525.0,2.6463274480192922E-5
151757.0,17575.0,2.616178971948102E-5
151757.0,17625.0,2.586798473203089E-5
151757.0,17675.0,2.5581030058674514E-5
151757.0,17725.0,2.529561606934294E-5
151757.0,17775.0,2.5012559490278363E-5
151757.0,17825.0,2.4736064005992375E-5
151757.0,17875.0,2.4461445718770847E-5
151757.0,17925.0,2.4192278942791745E-5
151757.0,17975.0,2.3924250854179263E-5
151757.0,18025.0,2.3662156309001148E-5
151757.0,18075.0,2.3404601961374283E-5
151757.0,18125.0,2.3148404579842463E-5
151757.0,18175.0,2.2894491849001497E-5
151757.0,18225.0,2.2647085643257014E-5
151757.0,18275.0,2.2401394744520076E-5
151757.0,18325.0,2.216005486843642E-5
151757.0,18375.0,2.191951534769032E-5
151757.0,18425.0,2.1684412786271423E-5
151757.0,18475.0,2.1453633962664753E-5
151757.0,18525.0,2.1224353986326605E-5
151757.0,18575.0,2.0996480088797398E-5
151757.0,18625.0,2.077349381579552E-5
151757.0,18675.0,2.055437653325498E-5
151757.0,18725.0,2.0335835870355368E-5
151757.0,18775.0,2.0122051864746027E-5
151757.0,18825.0,1.9910119590349495E-5
151757.0,18875.0,1.9701516066561453E-5
151757.0,18925.0,1.949497891473584E-5
151757.0,18975.0,1.9292001525172964E-5
151757.0,19025.0,1.907996011141222E-5
151757.0,19075.0,1.888226870505605E-5
151757.0,19125.0,1.8695620383368805E-5
151757.0,19175.0,1.850441549322568E-5
151757.0,19225.0,1.8314591216039844E-5
151757.0,19275.0,1.8124041162081994E-5
151757.0,19325.0,1.793828050722368E-5
151757.0,19375.0,1.7755110093276016E-5
151757.0,19425.0,1.7575337551534176E-5
151757.0,19475.0,1.7395355826010928E-5
151757.0,19525.0,1.7217853383044712E-5
151757.0,19575.0,1.704417445580475E-5
151757.0,19625.0,1.687310759734828E-5
151757.0,19675.0,1.670295387157239E-5
151757.0,19725.0,1.65348519658437E-5
151757.0,19775.0,1.6368228898500092E-5
151757.0,19825.0,1.6204705389100127E-5
151757.0,19875.0,1.6043159121181816E-5
151757.0,19925.0,1.5884043023106642E-5
151757.0,19975.0,1.5727382560726255E-5
151757.0,20025.0,1.5568837625323795E-5
151757.0,20075.0,1.54114040924469E-5
151757.0,20125.0,1.5258677194651682E-5
151757.0,20175.0,1.5108248589967843E-5
151757.0,20225.0,1.4960523003537674E-5
151757.0,20275.0,1.4814656424277928E-5
151757.0,20325.0,1.4670817108708434E-5
151757.0,20375.0,1.4528587598761078E-5
151757.0,20425.0,1.4387404007720761E-5
151757.0,20475.0,1.4249073501559906E-5
151757.0,20525.0,1.410929598932853E-5
151757.0,20575.0,1.3972504348203074E-5
151757.0,20625.0,1.383849394187564E-5
151757.0,20675.0,1.3706469871976878E-5
151757.0,20725.0,1.3575599041359965E-5
151757.0,20775.0,1.3446454431687016E-5
151757.0,20825.0,1.3319771824171767E-5
151757.0,20875.0,1.3193127415433992E-5
151757.0,20925.0,1.3066272003925405E-5
151757.0,20975.0,1.2942056855536066E-5
151757.0,21025.0,1.2820513802580535E-5
151757.0,21075.0,1.2700246770691592E-5
151757.0,21125.0,1.258126758330036E-5
151757.0,21175.0,1.2463651728467084E-5
151757.0,21225.0,1.2347890333330724E-5
151757.0,21275.0,1.223370691150194E-5
151757.0,21325.0,1.2117373444198165E-5
151757.0,21375.0,1.2005155440419912E-5
151757.0,21425.0,1.1895049283339176E-5
151757.0,21475.0,1.1785066817537881E-5
151757.0,21525.0,1.1675877431116533E-5
151757.0,21575.0,1.1568690752028488E-5
151757.0,21625.0,1.1462638212833554E-5
151757.0,21675.0,1.1358128176652826E-5
151757.0,21725.0,1.1254475793975871E-5
151757.0,21775.0,1.115210307034431E-5
151757.0,21825.0,1.1050340617657639E-5
151757.0,21875.0,1.094962590286741E-5
151757.0,21925.0,1.0850551007024478E-5
151757.0,21975.0,1.0753649803518783E-5
151757.0,22025.0,1.0656968697730917E-5
151757.0,22075.0,1.0561830094957259E-5
151757.0,22125.0,1.0466668754816055E-5
151757.0,22175.0,1.0373863915447146E-5
151757.0,22225.0,1.0280492460879032E-5
151757.0,22275.0,1.0187734915234614E-5
151757.0,22325.0,1.0094991921505425E-5
151757.0,22375.0,1.0007105629483704E-5
151757.0,22425.0,9.91958222584799E-6
151757.0,22475.0,9.832544492383022E-6
151757.0,22525.0,9.746562682266813E-6
151757.0,22575.0,9.661048352427315E-6
151757.0,22625.0,9.576378943165764E-6
151757.0,22675.0,9.492930075793993E-6
151757.0,22725.0,9.410110578755848E-6
151757.0,22775.0,9.328132364316843E-6
151757.0,22825.0,9.24535470403498E-6
151757.0,22875.0,9.164423317997716E-6
151757.0,22925.0,9.085071724257432E-6
151757.0,22975.0,9.00752183952136E-6
151757.0,23025.0,8.930161129683256E-6
151757.0,23075.0,8.85268127603922E-6
151757.0,23125.0,8.776988579484168E-6
151757.0,23175.0,8.70214898895938E-6
151757.0,23225.0,8.627846000308637E-6
151757.0,23275.0,8.555340173188597E-6
151757.0,23325.0,8.482122211717069E-6
151757.0,23375.0,8.408233043155633E-6
151757.0,23425.0,8.337663530255668E-6
151757.0,23475.0,8.26752329885494E-6
151757.0,23525.0,8.197130227927119E-6
151757.0,23575.0,8.128090485115536E-6
151757.0,23625.0,8.059986612352077E-6
151757.0,23675.0,7.992850441951305E-6
151757.0,23725.0,7.926187208795454E-6
151757.0,23775.0,7.860300684114918E-6
151757.0,23825.0,7.794717930664774E-6
151757.0,23875.0,7.729756362095941E-6
151757.0,23925.0,7.665711564186495E-6
151757.0,23975.0,7.602114237670321E-6
151757.0,24025.0,7.53926224206225E-6
151757.0,24075.0,7.47669810152729E-6
151757.0,24125.0,7.414718766085571E-6
151757.0,24175.0,7.354197350650793E-6
151757.0,24225.0,7.294544957403559E-6
151757.0,24275.0,7.2345960688835476E-6
151757.0,24325.0,7.174970050982665E-6
151757.0,24375.0,7.116935648809886E-6
151757.0,24425.0,7.059989911795128E-6
151757.0,24475.0,7.002722213655943E-6
151757.0,24525.0,6.945858331164345E-6
151757.0,24575.0,6.889900305395713E-6
151757.0,24625.0,6.833579391241074E-6
151757.0,24675.0,6.779047907912172E-6
151757.0,24725.0,6.723871138092363E-6
151757.0,24775.0,6.6698544287646655E-6
151757.0,24825.0,6.6166439864900894E-6
151757.0,24875.0,6.5639219428703655E-6
151757.0,24925.0,6.51207119517494E-6
151757.0,24975.0,6.460170880018268E-6
151757.0,25025.0,6.40924235995044E-6
151757.0,25075.0,6.358372502290877E-6
151757.0,25125.0,6.307964667939814E-6
151757.0,25175.0,6.2583922044723295E-6
151757.0,25225.0,6.208769264048897E-6
151757.0,25275.0,6.160063549032202E-6
151757.0,25325.0,6.111684342613444E-6
151757.0,25375.0,6.064435638108989E-6
151757.0,25425.0,6.016288807586534E-6
151757.0,25475.0,5.96832751398324E-6
151757.0,25525.0,5.92209653405007E-6
151757.0,25575.0,5.876558134332299E-6
151757.0,25625.0,5.830606824019924E-6
151757.0,25675.0,5.786003384855576E-6
151757.0,25725.0,5.741266249970067E-6
151757.0,25775.0,5.6968383432831615E-6
151757.0,25825.0,5.653297193930484E-6
151757.0,25875.0,5.610264452116098E-6
151757.0,25925.0,5.567909283854533E-6
151757.0,25975.0,5.525331744138384E-6
151757.0,26025.0,5.482779215526534E-6
151757.0,26075.0,5.440831955638714E-6
151757.0,26125.0,5.399590008892119E-6
151757.0,26175.0,5.35903336640331E-6
151757.0,26225.0,5.318413514032727E-6
151757.0,26275.0,5.278557637211634E-6
151757.0,26325.0,5.238459834799869E-6
151757.0,26375.0,5.198028702579904E-6
151757.0,26425.0,5.158941348781809E-6
151757.0,26475.0,5.119999059388647E-6
151757.0,26525.0,5.081794370198622E-6
151757.0,26575.0,5.043629698775476E-6
151757.0,26625.0,5.005786078982055E-6
151757.0,26675.0,4.9687478167470545E-6
151757.0,26725.0,4.9323230086883996E-6
151757.0,26775.0,4.8960073399939574E-6
151757.0,26825.0,4.859382897848263E-6
151757.0,26875.0,4.82314362670877E-6
151757.0,26925.0,4.788211299455725E-6
151757.0,26975.0,4.752955646836199E-6
151757.0,27025.0,4.717926003650064E-6
151757.0,27075.0,4.683622591983294E-6
151757.0,27125.0,4.649268703360576E-6
151757.0,27175.0,4.615119451045757E-6
151757.0,27225.0,4.581592293106951E-6
151757.0,27275.0,4.548318884189939E-6
151757.0,27325.0,4.514606644079322E-6
151757.0,27375.0,4.4812081796408165E-6
151757.0,27425.0,4.448827894520946E-6
151757.0,27475.0,4.416723641043063E-6
151757.0,27525.0,4.385267402540194E-6
151757.0,27575.0,4.353793883637991E-6
151757.0,27625.0,4.3224413275311235E-6
151757.0,27675.0,4.29099827670143E-6
151757.0,27725.0,4.259350134816486E-6
151757.0,27775.0,4.228450052323751E-6
151757.0,27825.0,4.198822807666147E-6
151757.0,27875.0,4.169328349235002E-6
151757.0,27925.0,4.139880729780998E-6
151757.0,27975.0,4.11095425079111E-6
151757.0,28025.0,4.082479790668003E-6
151757.0,28075.0,4.0534641811973415E-6
151757.0,28125.0,4.024679128633579E-6
151757.0,28175.0,3.9963201743375976E-6
151757.0,28225.0,3.9679066503595095E-6
151757.0,28275.0,3.93961545341881E-6
151757.0,28325.0,3.911063686246052E-6
151757.0,28375.0,3.883927547576604E-6
151757.0,28425.0,3.857192950817989E-6
151757.0,28475.0,3.829899924312485E-6
151757.0,28525.0,3.8036278056097217E-6
151757.0,28575.0,3.7774123029521434E-6
151757.0,28625.0,3.7508928016904974E-6
151757.0,28675.0,3.7250274544931017E-6
151757.0,28725.0,3.6994497349951416E-6
151757.0,28775.0,3.6738892958965153E-6
151757.0,28825.0,3.648214942586492E-6
151757.0,28875.0,3.623310476541519E-6
151757.0,28925.0,3.5985133308713557E-6
151757.0,28975.0,3.5732643937080866E-6
151757.0,29025.0,3.5490254504111363E-6
151757.0,29075.0,3.5248879157734336E-6
151757.0,29125.0,3.500982302284683E-6
151757.0,29175.0,3.47743957718194E-6
151757.0,29225.0,3.4538049931143178E-6
151757.0,29275.0,3.43064971275453E-6
151757.0,29325.0,3.4074214454449248E-6
151757.0,29375.0,3.384422598173842E-6
151757.0,29425.0,3.3615599477343494E-6
151757.0,29475.0,3.3381857065251097E-6
151757.0,29525.0,3.315576350360061E-6
151757.0,29575.0,3.2932307476585265E-6
151757.0,29625.0,3.2710936466173735E-6
151757.0,29675.0,3.249268729632604E-6
151757.0,29725.0,3.2274017485178774E-6
151757.0,29775.0,3.205909706593957E-6
151757.0,29825.0,3.1844203931541415E-6
151757.0,29875.0,3.1630795547243906E-6
151757.0,29925.0,3.1420813684235327E-6
151757.0,29975.0,3.121017698504147E-6
151757.0,30025.0,3.100364665442612E-6
151757.0,30075.0,3.0801809316471918E-6
151757.0,30125.0,3.0601008802477736E-6
151757.0,30175.0,3.0399571642192313E-6
151757.0,30225.0,3.0197993510228116E-6
151757.0,30275.0,3.0004691780050052E-6
151757.0,30325.0,2.9808381896145875E-6
151757.0,30375.0,2.9610328056151047E-6
151757.0,30425.0,2.941902039310662E-6
151757.0,30475.0,2.9228708626760636E-6
151757.0,30525.0,2.903859240177553E-6
151757.0,30575.0,2.8846013719885377E-6
151757.0,30625.0,2.8655381356657017E-6
151757.0,30675.0,2.8467306947277393E-6
151757.0,30725.0,2.8278898298594868E-6
151757.0,30775.0,2.809462785080541E-6
151757.0,30825.0,2.7914602469536476E-6
151757.0,30875.0,2.7735825369745726E-6
151757.0,30925.0,2.7560422495298553E-6
151757.0,30975.0,2.7383709948480828E-6
151757.0,31025.0,2.721078317335923E-6
151757.0,31075.0,2.7037199288315605E-6
151757.0,31125.0,2.6865079689741833E-6
151757.0,31175.0,2.6693310246628243E-6
151757.0,31225.0,2.651783461260493E-6
151757.0,31275.0,2.6348295705247438E-6
151757.0,31325.0,2.618096914375201E-6
151757.0,31375.0,2.601491587483906E-6
151757.0,31425.0,2.585148649814073E-6
151757.0,31475.0,2.568730451457668E-6
151757.0,31525.0,2.552619889684138E-6
151757.0,31575.0,2.536775127737201E-6
151757.0,31625.0,2.5212330001522787E-6
151757.0,31675.0,2.505682914488716E-6
151757.0,31725.0,2.4898204173950944E-6
151757.0,31775.0,2.474283292031032E-6
151757.0,31825.0,2.458692506479565E-6
151757.0,31875.0,2.4429598397546215E-6
151757.0,31925.0,2.4272599148389418E-6
151757.0,31975.0,2.41173074755352E-6
151757.0,32025.0,2.3967293145688018E-6
151757.0,32075.0,2.3819077341613593E-6
151757.0,32125.0,2.3674465410294943E-6
151757.0,32175.0,2.3530212729383493E-6
151757.0,32225.0,2.338256308576092E-6
151757.0,32275.0,2.3239142592501594E-6
151757.0,32325.0,2.3098568817658816E-6
151757.0,32375.0,2.2957392502576113E-6
151757.0,32425.0,2.2815870579506736E-6
151757.0,32475.0,2.2673823423247086E-6
151757.0,32525.0,2.2538326902576955E-6
151757.0,32575.0,2.2401534351956798E-6
151757.0,32625.0,2.2262931906880112E-6
151757.0,32675.0,2.212547542512766E-6
151757.0,32725.0,2.1992300389683805E-6
151757.0,32775.0,2.1860307697352255E-6
151757.0,32825.0,2.1730065782321617E-6
151757.0,32875.0,2.1599050796794472E-6
151757.0,32925.0,2.1467974420374958E-6
151757.0,32975.0,2.1335538349376293E-6
151757.0,33025.0,2.1205767097853823E-6
151757.0,33075.0,2.107984755639336E-6
151757.0,33125.0,2.095320496664499E-6
151757.0,33175.0,2.0829099867114564E-6
151757.0,33225.0,2.070430355161079E-6
151757.0,33275.0,2.0577863324433565E-6
151757.0,33325.0,2.045193696176284E-6
151757.0,33375.0,2.032903921644902E-6
151757.0,33425.0,2.02086812350899E-6
151757.0,33475.0,2.008898718486307E-6
151757.0,33525.0,1.99700139091874E-6
151757.0,33575.0,1.9852095647365786E-6
151757.0,33625.0,1.9734086436073994E-6
151757.0,33675.0,1.961760062840767E-6
151757.0,33725.0,1.950203341039014E-6
151757.0,33775.0,1.938668674483779E-6
151757.0,33825.0,1.9272974896011874E-6
151757.0,33875.0,1.9158517261530505E-6
151757.0,33925.0,1.9046131001232425E-6
151757.0,33975.0,1.8934167655970668E-6
151757.0,34025.0,1.8823619711838546E-6
151757.0,34075.0,1.8717199736784096E-6
151757.0,34125.0,1.8609702010508045E-6
151757.0,34175.0,1.850181320151023E-6
151757.0,34225.0,1.8393202481092885E-6
151757.0,34275.0,1.8285542182638892E-6
151757.0,34325.0,1.8178950540459482E-6
151757.0,34375.0,1.80726169674017E-6
151757.0,34425.0,1.7970980934478575E-6
151757.0,34475.0,1.7869098201117595E-6
151757.0,34525.0,1.776581598278426E-6
151757.0,34575.0,1.7662472373558558E-6
151757.0,34625.0,1.75603838670213E-6
151757.0,34675.0,1.7462068626628025E-6
151757.0,34725.0,1.7363121287417016E-6
151757.0,34775.0,1.7262781284443918E-6
151757.0,34825.0,1.7162617496069288E-6
151757.0,34875.0,1.7062388906197157E-6
151757.0,34925.0,1.6963776943157427E-6
151757.0,34975.0,1.6865203633642523E-6
151757.0,35025.0,1.6767733086453518E-6
151757.0,35075.0,1.667081960476935E-6
151757.0,35125.0,1.6576159396208823E-6
151757.0,35175.0,1.6483882063766941E-6
151757.0,35225.0,1.6391696817663615E-6
151757.0,35275.0,1.6300489278364694E-6
151757.0,35325.0,1.6209697832891834E-6
151757.0,35375.0,1.6118947314680554E-6
151757.0,35425.0,1.6029537164286012E-6
151757.0,35475.0,1.5939275499476935E-6
151757.0,35525.0,1.5847878103159019E-6
151757.0,35575.0,1.5756908169350936E-6
151757.0,35625.0,1.5668122159695486E-6
151757.0,35675.0,1.5581534853481571E-6
151757.0,35725.0,1.5494981653318973E-6
151757.0,35775.0,1.5409406159960781E-6
151757.0,35825.0,1.5324209243772202E-6
151757.0,35875.0,1.5238949799822876E-6
151757.0,35925.0,1.5155097798924544E-6
151757.0,35975.0,1.507116053289792E-6
151757.0,36025.0,1.4988237353463774E-6
151757.0,36075.0,1.4905727994118934E-6
151757.0,36125.0,1.482296283938922E-6
151757.0,36175.0,1.4741783616045723E-6
151757.0,36225.0,1.466039407205244E-6
151757.0,36275.0,1.4579981097995187E-6
151757.0,36325.0,1.4500113820758997E-6
151757.0,36375.0,1.4420462548514479E-6
151757.0,36425.0,1.4344559531309642E-6
151757.0,36475.0,1.4268506447479012E-6
151757.0,36525.0,1.4189998864821973E-6
151757.0,36575.0,1.4109917856330867E-6
151757.0,36625.0,1.4029319572728127E-6
151757.0,36675.0,1.3952570725450641E-6
151757.0,36725.0,1.387627321491891E-6
151757.0,36775.0,1.3800279248243896E-6
151757.0,36825.0,1.3725471035286319E-6
151757.0,36875.0,1.3649863603859558E-6
151757.0,36925.0,1.35772847897897E-6
151757.0,36975.0,1.3505591596185695E-6
151757.0,37025.0,1.343466237813118E-6
151757.0,37075.0,1.336272134722094E-6
151757.0,37125.0,1.3289586604514625E-6
151757.0,37175.0,1.3218004824011587E-6
151757.0,37225.0,1.3148202242518892E-6
151757.0,37275.0,1.307964794250438E-6
151757.0,37325.0,1.3010715065320255E-6
151757.0,37375.0,1.294003027396684E-6
151757.0,37425.0,1.2870331147496472E-6
151757.0,37475.0,1.2801219781977125E-6
151757.0,37525.0,1.2734923302559764E-6
151757.0,37575.0,1.2668656381720211E-6
151757.0,37625.0,1.2602288279595086E-6
151757.0,37675.0,1.2537357179098763E-6
151757.0,37725.0,1.2471379022827023E-6
151757.0,37775.0,1.2405215557009797E-6
151757.0,37825.0,1.2338695114522125E-6
151757.0,37875.0,1.22717631256819E-6
151757.0,37925.0,1.2208440693939338E-6
151757.0,37975.0,1.2144714673922863E-6
151757.0,38025.0,1.2081885643056012E-6
151757.0,38075.0,1.2019843325106194E-6
151757.0,38125.0,1.1957196193179698E-6
151757.0,38175.0,1.1895730267497129E-6
151757.0,38225.0,1.1834073347927188E-6
151757.0,38275.0,1.1773200867537525E-6
151757.0,38325.0,1.1711420029314468E-6
151757.0,38375.0,1.1646460507108714E-6
151757.0,38425.0,1.1582295655898633E-6
151757.0,38475.0,1.1518866358528612E-6
151757.0,38525.0,1.145993792306399E-6
151757.0,38575.0,1.1401160691093537E-6
151757.0,38625.0,1.1342020798110752E-6
151757.0,38675.0,1.1284457741567167E-6
151757.0,38725.0,1.1226013612031238E-6
151757.0,38775.0,1.1168571063535637E-6
151757.0,38825.0,1.1111783351225313E-6
151757.0,38875.0,1.105434989767673E-6
151757.0,38925.0,1.0998099924108828E-6
151757.0,38975.0,1.0941639629891142E-6
151757.0,39025.0,1.0885859182963031E-6
151757.0,39075.0,1.0830931387317833E-6
151757.0,39125.0,1.0777492889246787E-6
151757.0,39175.0,1.0725001402533962E-6
151757.0,39225.0,1.0671378731785808E-6
151757.0,39275.0,1.0617573025228921E-6
151757.0,39325.0,1.0563702517174534E-6
151757.0,39375.0,1.0509370440558996E-6
151757.0,39425.0,1.0456583368068095E-6
151757.0,39475.0,1.0403035730632837E-6
151757.0,39525.0,1.0350223647037637E-6
151757.0,39575.0,1.0298115284967935E-6
151757.0,39625.0,1.0245510111417389E-6
151757.0,39675.0,1.019390197143366E-6
151757.0,39725.0,1.0143596682610223E-6
151757.0,39775.0,1.009451466416067E-6
151757.0,39825.0,1.004541104521195E-6
151757.0,39875.0,9.994997753892676E-7
151757.0,39925.0,9.945031251845649E-7
151757.0,39975.0,9.894266668197815E-7
151757.0,40025.0,9.844546866588644E-7
151757.0,40075.0,9.79527271738334E-7
151757.0,40125.0,9.745413080963772E-7
151757.0,40175.0,9.697193945612526E-7
151757.0,40225.0,9.650055972088012E-7
151757.0,40275.0,9.603560329196625E-7
151757.0,40325.0,9.556907798469183E-7
151757.0,40375.0,9.508914331490814E-7
151757.0,40425.0,9.461577406000288E-7
151757.0,40475.0,9.413518569090229E-7
151757.0,40525.0,9.366636390950589E-7
151757.0,40575.0,9.319973628407752E-7
151757.0,40625.0,9.272752663491701E-7
151757.0,40675.0,9.227579198523017E-7
151757.0,40725.0,9.183015663438709E-7
151757.0,40775.0,9.13900407795154E-7
151757.0,40825.0,9.094770803130814E-7
151757.0,40875.0,9.049294362739602E-7
151757.0,40925.0,9.004489811559324E-7
151757.0,40975.0,8.959103752204101E-7
151757.0,41025.0,8.916109095480351E-7
151757.0,41075.0,8.873692536326416E-7
151757.0,41125.0,8.83074562807451E-7
151757.0,41175.0,8.788858849584358E-7
151757.0,41225.0,8.74669240147341E-7
151757.0,41275.0,8.705052323421114E-7
151757.0,41325.0,8.663528205943294E-7
151757.0,41375.0,8.622056952845014E-7
151757.0,41425.0,8.581351949032978E-7
151757.0,41475.0,8.539967097931367E-7
151757.0,41525.0,8.499555974594841E-7
151757.0,41575.0,8.459434184260317E-7
151757.0,41625.0,8.418806487497932E-7
151757.0,41675.0,8.3786551385856E-7
151757.0,41725.0,8.337195822605281E-7
151757.0,41775.0,8.296188980239094E-7
151757.0,41825.0,8.255217380792601E-7
151757.0,41875.0,8.215292837121524E-7
151757.0,41925.0,8.176825190275849E-7
151757.0,41975.0,8.137704412547464E-7
151757.0,42025.0,8.099231649794092E-7
151757.0,42075.0,8.061282414928428E-7
151757.0,42125.0,8.02288980139565E-7
151757.0,42175.0,7.985155434653279E-7
151757.0,42225.0,7.948150368974893E-7
151757.0,42275.0,7.912504997875658E-7
151757.0,42325.0,7.876857353039668E-7
151757.0,42375.0,7.840611715437262E-7
151757.0,42425.0,7.80435243541433E-7
151757.0,42475.0,7.767380338918883E-7
151757.0,42525.0,7.730872653155529E-7
151757.0,42575.0,7.694670216551458E-7
151757.0,42625.0,7.658395588805433E-7
151757.0,42675.0,7.622734869983105E-7
151757.0,42725.0,7.586429546790896E-7
151757.0,42775.0,7.550023610747303E-7
151757.0,42825.0,7.513420996474451E-7
151757.0,42875.0,7.476368750758411E-7
151757.0,42925.0,7.440345370923751E-7
151757.0,42975.0,7.405311066577269E-7
151757.0,43025.0,7.370868502221128E-7
151757.0,43075.0,7.336423095694045E-7
151757.0,43125.0,7.302445510504185E-7
151757.0,43175.0,7.270228934430634E-7
151757.0,43225.0,7.237434829221456E-7
151757.0,43275.0,7.205062502180226E-7
151757.0,43325.0,7.172174605329928E-7
151757.0,43375.0,7.138607998058433E-7
151757.0,43425.0,7.105612667146488E-7
151757.0,43475.0,7.072240464367496E-7
151757.0,43525.0,7.040800369395583E-7
151757.0,43575.0,7.009680871306045E-7
151757.0,43625.0,6.978141300351126E-7
151757.0,43675.0,6.947009865143627E-7
151757.0,43725.0,6.914775667610229E-7
151757.0,43775.0,6.882908110128483E-7
151757.0,43825.0,6.851039415778359E-7
151757.0,43875.0,6.819396958235302E-7
151757.0,43925.0,6.789581448174431E-7
151757.0,43975.0,6.759260031685699E-7
151757.0,44025.0,6.729344477207633E-7
151757.0,44075.0,6.699107757413003E-7
151757.0,44125.0,6.668073524451756E-7
151757.0,44175.0,6.637570777456858E-7
151757.0,44225.0,6.606538818232366E-7
151757.0,44275.0,6.576929081347771E-7
151757.0,44325.0,6.548182227561483E-7
151757.0,44375.0,6.519043154185056E-7
151757.0,44425.0,6.490420787486073E-7
151757.0,44475.0,6.460866757151962E-7
151757.0,44525.0,6.431429255826515E-7
151757.0,44575.0,6.401990049198503E-7
151757.0,44625.0,6.372185907821404E-7
151757.0,44675.0,6.34402965715708E-7
151757.0,44725.0,6.316037115539075E-7
151757.0,44775.0,6.288424856393249E-7
151757.0,44825.0,6.260816007852554E-7
151757.0,44875.0,6.233174758563109E-7
151757.0,44925.0,6.206236093930784E-7
151757.0,44975.0,6.178801186251803E-7
151757.0,45025.0,6.151740876703116E-7
151757.0,45075.0,6.124998890300049E-7
151757.0,45125.0,6.098109111007943E-7
151757.0,45175.0,6.071706479815475E-7
151757.0,45225.0,6.044818974260124E-7
151757.0,45275.0,6.017965006321901E-7
151757.0,45325.0,5.990805220790207E-7
151757.0,45375.0,5.96328732171969E-7
151757.0,45425.0,5.936246338933415E-7
151757.0,45475.0,5.909436140427715E-7
151757.0,45525.0,5.883975973119959E-7
151757.0,45575.0,5.858522058588278E-7
151757.0,45625.0,5.832716851728037E-7
151757.0,45675.0,5.80752669065987E-7
151757.0,45725.0,5.78222739022749E-7
151757.0,45775.0,5.757290182373254E-7
151757.0,45825.0,5.73235183765064E-7
151757.0,45875.0,5.707153150069644E-7
151757.0,45925.0,5.682792334482656E-7
151757.0,45975.0,5.658024520016625E-7
151757.0,46025.0,5.633596629195381E-7
151757.0,46075.0,5.609196591649379E-7
151757.0,46125.0,5.584825544246996E-7
151757.0,46175.0,5.561009857046884E-7
151757.0,46225.0,5.536749654311279E-7
151757.0,46275.0,5.512823690878577E-7
151757.0,46325.0,5.489178533935046E-7
151757.0,46375.0,5.46541741641704E-7
151757.0,46425.0,5.442093424790073E-7
151757.0,46475.0,5.418334581008821E-7
151757.0,46525.0,5.39504526386736E-7
151757.0,46575.0,5.372084501686913E-7
151757.0,46625.0,5.348815648176242E-7
151757.0,46675.0,5.325974825609592E-7
151757.0,46725.0,5.30275087839982E-7
151757.0,46775.0,5.280202799440303E-7
151757.0,46825.0,5.257734301267192E-7
151757.0,46875.0,5.234950322119403E-7
151757.0,46925.0,5.212585847402806E-7
151757.0,46975.0,5.190593697079748E-7
151757.0,47025.0,5.169605969967961E-7
151757.0,47075.0,5.148617674421985E-7
151757.0,47125.0,5.127320150677406E-7
151757.0,47175.0,5.106332991999807E-7
151757.0,47225.0,5.084527288090612E-7
151757.0,47275.0,5.062986474513309E-7
151757.0,47325.0,5.041442818765063E-7
151757.0,47375.0,5.019600735067797E-7
151757.0,47425.0,4.998443614567805E-7
151757.0,47475.0,4.97705855195818E-7
151757.0,47525.0,4.955973054165952E-7
151757.0,47575.0,4.934885851071158E-7
151757.0,47625.0,4.913773068437877E-7
151757.0,47675.0,4.894085918749624E-7
151757.0,47725.0,4.874109436059371E-7
151757.0,47775.0,4.854426265410439E-7
151757.0,47825.0,4.834741389458941E-7
151757.0,47875.0,4.814476142200874E-7
151757.0,47925.0,4.794368919647241E-7
151757.0,47975.0,4.773879140884674E-7
151757.0,48025.0,4.7536752845189767E-7
151757.0,48075.0,4.7336152420029975E-7
151757.0,48125.0,4.714285068985191E-7
151757.0,48175.0,4.6955287302807847E-7
151757.0,48225.0,4.676396372360614E-7
151757.0,48275.0,4.65754510514671E-7
151757.0,48325.0,4.63822857454943E-7
151757.0,48375.0,4.6177260060176195E-7
151757.0,48425.0,4.597571319209237E-7
151757.0,48475.0,4.5770482870466367E-7
151757.0,48525.0,4.556817430056981E-7
151757.0,48575.0,4.537936320048175E-7
151757.0,48625.0,4.5197197096058517E-7
151757.0,48675.0,4.501503667597717E-7
151757.0,48725.0,4.4834681034444657E-7
151757.0,48775.0,4.465371716833033E-7
151757.0,48825.0,4.447652486305742E-7
151757.0,48875.0,4.429828379670653E-7
151757.0,48925.0,4.412004841469752E-7
151757.0,48975.0,4.3943580863015086E-7
151757.0,49025.0,4.3765376744886453E-7
151757.0,49075.0,4.3584617515080026E-7
151757.0,49125.0,4.3401757920946693E-7
151757.0,49175.0,4.3218901168984303E-7
151757.0,49225.0,4.3037778141297167E-7
151757.0,49275.0,4.285953423277533E-7
151757.0,49325.0,4.269044495686103E-7
151757.0,49375.0,4.251994880632992E-7
151757.0,49425.0,4.2349461182311643E-7
151757.0,49475.0,4.21806731765173E-7
151757.0,49525.0,4.201254455438175E-7
151757.0,49575.0,4.184744284430053E-7
151757.0,49625.0,4.168068414855952E-7
151757.0,49675.0,4.151393397933134E-7
151757.0,49725.0,4.1348852164446726E-7
151757.0,49775.0,4.1184671317751054E-7
151757.0,49825.0,4.102323600818636E-7
151757.0,49875.0,4.08601522394747E-7
151757.0,49925.0,4.0697079839446815E-7
151757.0,49975.0,4.0535638845540234E-7
151757.0,50025.0,4.0375172716267116E-7
151757.0,50075.0,4.021732706860348E-7
151757.0,50125.0,4.005785854133137E-7
151757.0,50175.0,3.989840706708492E-7
151757.0,50225.0,3.9740544366395625E-7
151757.0,50275.0,3.9583207467330794E-7
151757.0,50325.0,3.9428107356798137E-7
151757.0,50375.0,3.927142984139209E-7
151757.0,50425.0,3.9114760852498875E-7
151757.0,50475.0,3.8959657899795275E-7
151757.0,50525.0,3.880548717916099E-7
151757.0,50575.0,3.8654624745504407E-7
151757.0,50625.0,3.850220764434198E-7
151757.0,50675.0,3.834981896488898E-7
151757.0,50725.0,3.8198965057745227E-7
151757.0,50775.0,3.8048571582294244E-7
151757.0,50825.0,3.7901750715718663E-7
151757.0,50875.0,3.7753522974526277E-7
151757.0,50925.0,3.7605306602017663E-7
151757.0,50975.0,3.7458590895766974E-7
151757.0,51025.0,3.731170181708876E-7
151757.0,51075.0,3.7168044286772783E-7
151757.0,51125.0,3.702317599163507E-7
151757.0,51175.0,3.687830769649736E-7
151757.0,51225.0,3.6734923014591914E-7
151757.0,51275.0,3.659105232145521E-7
151757.0,51325.0,3.6450836660151253E-7
151757.0,51375.0,3.6309964457359456E-7
151757.0,51425.0,3.6169114991935203E-7
151757.0,51475.0,3.6029709349350014E-7
151757.0,51525.0,3.5889576111003407E-7
151757.0,51575.0,3.5751997984334594E-7
151757.0,51625.0,3.5614360172075976E-7
151757.0,51675.0,3.5476736570672074E-7
151757.0,51725.0,3.5340528370397806E-7
151757.0,51775.0,3.5203598258704005E-7
151757.0,51825.0,3.506841039779829E-7
151757.0,51875.0,3.493448161862034E-7
151757.0,51925.0,3.480069494798954E-7
151757.0,51975.0,3.4668300941120833E-7
151757.0,52025.0,3.4535207760200137E-7
151757.0,52075.0,3.4403015547468385E-7
151757.0,52125.0,3.4272153470737976E-7
151757.0,52175.0,3.4142132676606707E-7
151757.0,52225.0,3.401346759801527E-7
151757.0,52275.0,3.388412324056844E-7
151757.0,52325.0,3.3755458161977003E-7
151757.0,52375.0,3.3626355389060336E-7
151757.0,52425.0,3.3498670859444246E-7
151757.0,52475.0,3.3372359098393645E-7
151757.0,52525.0,3.3245368058487657E-7
151757.0,52575.0,3.311904208658234E-7
151757.0,52625.0,3.2991678722282813E-7
151757.0,52675.0,3.2867424692994973E-7
151757.0,52725.0,3.27453477666495E-7
151757.0,52775.0,3.2622602930132416E-7
151757.0,52825.0,3.250051179293223E-7
151757.0,52875.0,3.237711894144013E-7
151757.0,52925.0,3.225466684853018E-7
151757.0,52975.0,3.213538661839266E-7
151757.0,53025.0,3.2015532269724645E-7
151757.0,53075.0,3.1896306040835043E-7
151757.0,53125.0,3.177581788804673E-7
151757.0,53175.0,3.1655352472625964E-7
151757.0,53225.0,3.153758996177203E-7
151757.0,53275.0,3.14199468220977E-7
151757.0,53325.0,3.1302931802201783E-7
151757.0,53375.0,3.1184663384919986E-7
151757.0,53425.0,3.106641486283479E-7
151757.0,53475.0,3.094986595897353E-7
151757.0,53525.0,3.0835681741336884E-7
151757.0,53575.0,3.072264860293217E-7
151757.0,53625.0,3.0608390488851E-7
151757.0,53675.0,3.049414090128266E-7
151757.0,53725.0,3.038111060504889E-7
151757.0,53775.0,3.026834747288376E-7
151757.0,53825.0,3.0158491881593363E-7
151757.0,53875.0,3.004754489666084E-7
151757.0,53925.0,2.99366035960702E-7
151757.0,53975.0,2.982686737595941E-7
151757.0,54025.0,2.971652293126681E-7
151757.0,54075.0,2.960788378914003E-7
151757.0,54125.0,2.9499591391868307E-7
151757.0,54175.0,2.939130752110941E-7
151757.0,54225.0,2.928419746694999E-7
151757.0,54275.0,2.9176493399063474E-7
151757.0,54325.0,2.9069386187074997E-7
151757.0,54375.0,2.896252340178762E-7
151757.0,54425.0,2.8856845801783493E-7
151757.0,54475.0,2.875232496535318E-7
151757.0,54525.0,2.8647235694734263E-7
151757.0,54575.0,2.8542697805278294E-7
151757.0,54625.0,2.8437045784812653E-7
151757.0,54675.0,2.8333246859801875E-7
151757.0,54725.0,2.8231812621015706E-7
151757.0,54775.0,2.812981279021187E-7
151757.0,54825.0,2.8028370024912874E-7
151757.0,54875.0,2.7925813128604204E-7
151757.0,54925.0,2.7823273285321193E-7
151757.0,54975.0,2.7723626772058196E-7
151757.0,55025.0,2.7624656695479644E-7
151757.0,55075.0,2.75262351578931E-7
151757.0,55125.0,2.7426713700151595E-7
151757.0,55175.0,2.732719224241009E-7
151757.0,55225.0,2.722877354699449E-7
151757.0,55275.0,2.713107960516936E-7
151757.0,55325.0,2.703506538637157E-7
151757.0,55375.0,2.693798535347014E-7
151757.0,55425.0,2.6840893951884937E-7
151757.0,55475.0,2.6744888259599975E-7
151757.0,55525.0,2.664834539700678E-7
151757.0,55575.0,2.655306161614135E-7
151757.0,55625.0,2.645783467869478E-7
151757.0,55675.0,2.6362627636444813E-7
151757.0,55725.0,2.6268477881785657E-7
151757.0,55775.0,2.617379379898921E-7
151757.0,55825.0,2.6079635517817223E-7
151757.0,55875.0,2.598521007257659E-7
151757.0,55925.0,2.589320615697943E-7
151757.0,55975.0,2.580239595317835E-7
151757.0,56025.0,2.5711071316436573E-7
151757.0,56075.0,2.562026111263549E-7
151757.0,56125.0,2.552842488512397E-7
151757.0,56175.0,2.5436821715629776E-7
151757.0,56225.0,2.534828240641218E-7
151757.0,56275.0,2.5259723201997986E-7
151757.0,56325.0,2.5171675588353537E-7
151757.0,56375.0,2.5082613319682423E-7
151757.0,56425.0,2.4993556735353195E-7
151757.0,56475.0,2.4905506279537803E-7
151757.0,56525.0,2.481818341948383E-7
151757.0,56575.0,2.473234133049118E-7
151757.0,56625.0,2.4645510166010354E-7
151757.0,56675.0,2.455868184370047E-7
151757.0,56725.0,2.447283975470782E-7
151757.0,56775.0,2.4386494601458253E-7
151757.0,56825.0,2.430118399843195E-7
151757.0,56875.0,2.4216828364842513E-7
151757.0,56925.0,2.413265747236437E-7
151757.0,56975.0,2.4049452918006864E-7
151757.0,57025.0,2.396575666807621E-7
151757.0,57075.0,2.3882537902863987E-7
151757.0,57125.0,2.3798391168838862E-7
151757.0,57175.0,2.3715583097327908E-7
151757.0,57225.0,2.363447180186995E-7
151757.0,57275.0,2.3552915706659405E-7
151757.0,57325.0,2.3471800147945032E-7
151757.0,57375.0,2.3389767989101529E-7
151757.0,57425.0,2.3307715935061424E-7
151757.0,57475.0,2.3226951384458516E-7
151757.0,57525.0,2.3147278227497736E-7
151757.0,57575.0,2.3068250243341026E-7
151757.0,57625.0,2.2988295711456885E-7
151757.0,57675.0,2.2908344021743687E-7
151757.0,57725.0,2.2829311774330563E-7
151757.0,57775.0,2.2749817674139194E-7
151757.0,57825.0,2.267185124082971E-7
151757.0,57875.0,2.25943750820079E-7
151757.0,57925.0,2.251691597621175E-7
151757.0,57975.0,2.2440350733177183E-7
151757.0,58025.0,2.2363336427133618E-7
151757.0,58075.0,2.2286766920842638E-7
151757.0,58125.0,2.2209361816294404E-7
151757.0,58175.0,2.2133562538328988E-7
151757.0,58225.0,2.205940603516865E-7
151757.0,58275.0,2.1984803311170253E-7
151757.0,58325.0,2.1910648229095386E-7
151757.0,58375.0,2.1835602126429876E-7
151757.0,58425.0,2.176057023461908E-7
151757.0,58475.0,2.1686534523723822E-7
151757.0,58525.0,2.1613185197111306E-7
151757.0,58575.0,2.154052651803795E-7
151757.0,58625.0,2.146701376659621E-7
151757.0,58675.0,2.1393498172983527E-7
151757.0,58725.0,2.1320840914995642E-7
151757.0,58775.0,2.124775591028083E-7
151757.0,58825.0,2.1175418396524037E-7
151757.0,58875.0,2.1103979008785245E-7
151757.0,58925.0,2.1032786889918498E-7
151757.0,58975.0,2.0962441737992776E-7
151757.0,59025.0,2.0891677365852956E-7
151757.0,59075.0,2.0821322266328934E-7
151757.0,59125.0,2.075014151614596E-7
151757.0,59175.0,2.067933024818558E-7
151757.0,59225.0,2.0611020090655074E-7
151757.0,59275.0,2.0542509560073086E-7
151757.0,59325.0,2.0474415407534252E-7
151757.0,59375.0,2.0405487077823636E-7
151757.0,59425.0,2.0336578643309622E-7
151757.0,59475.0,2.0268473122087016E-7
151757.0,59525.0,2.0200261019454047E-7
151757.0,59575.0,2.0134103806412895E-7
151757.0,59625.0,2.006739094895238E-7
151757.0,59675.0,2.0000679512577335E-7
151757.0,59725.0,1.9934769568408228E-7
151757.0,59775.0,1.986845603596521E-7
151757.0,59825.0,1.980253330202686E-7
151757.0,59875.0,1.9735965395284438E-7
151757.0,59925.0,1.9670697781748459E-7
151757.0,59975.0,1.9606537193794793E-7
151757.0,60025.0,1.954198580733646E-7
151757.0,60075.0,1.9477815271784493E-7
151757.0,60125.0,1.9412870244650549E-7
151757.0,60175.0,1.934793090185849E-7
151757.0,60225.0,1.928379447235784E-7
151757.0,60275.0,1.922062864423424E-7
151757.0,60325.0,1.9158552788667293E-7
151757.0,60375.0,1.9095708125860256E-7
151757.0,60425.0,1.9032873410651518E-7
151757.0,60475.0,1.8970793291828159E-7
151757.0,60525.0,1.890833232209843E-7
151757.0,60575.0,1.8846253624360543E-7
151757.0,60625.0,1.8784064081955876E-7
151757.0,60675.0,1.8722892036748817E-7
151757.0,60725.0,1.866247743009808E-7
151757.0,60775.0,1.860168765688286E-7
151757.0,60825.0,1.854129010325778E-7
151757.0,60875.0,1.8480129426734493E-7
151757.0,60925.0,1.841897301346762E-7
151757.0,60975.0,1.8358797149176098E-7
151757.0,61025.0,1.829974678457802E-7
151757.0,61075.0,1.8241327381929295E-7
151757.0,61125.0,1.8182174699177267E-7
151757.0,61175.0,1.8123024858596182E-7
151757.0,61225.0,1.806459692943463E-7
151757.0,61275.0,1.800580946564878E-7
151757.0,61325.0,1.794738437865817E-7
151757.0,61375.0,1.7888872605453798E-7
151757.0,61425.0,1.783097332008765E-7
151757.0,61475.0,1.7773803051568393E-7
151757.0,61525.0,1.7716260458655597E-7
151757.0,61575.0,1.7659077400367096E-7
151757.0,61625.0,1.7601193746941135E-7
151757.0,61675.0,1.7543300145916874E-7
151757.0,61725.0,1.748629330222684E-7
151757.0,61775.0,1.7430365062409692E-7
151757.0,61825.0,1.73750976273368E-7
151757.0,61875.0,1.7319123912784562E-7
151757.0,61925.0,1.7263158724745153E-7
151757.0,61975.0,1.7207882763159432E-7
151757.0,62025.0,1.7152257214547717E-7
151757.0,62075.0,1.7096972726449167E-7
151757.0,62125.0,1.7041556077401765E-7
151757.0,62175.0,1.6987401352253073E-7
151757.0,62225.0,1.6933978486122214E-7
151757.0,62275.0,1.6880218822734605E-7
151757.0,62325.0,1.682679879877469E-7
151757.0,62375.0,1.6772696653788444E-7
151757.0,62425.0,1.6718600193144084E-7
151757.0,62475.0,1.666517306375681E-7
151757.0,62525.0,1.6612314368558145E-7
151757.0,62575.0,1.6560694859890646E-7
151757.0,62625.0,1.650840601996606E-7
151757.0,62675.0,1.645612286438336E-7
151757.0,62725.0,1.640450335571586E-7
151757.0,62775.0,1.6352551313048025E-7
151757.0,62825.0,1.6300920435696753E-7
151757.0,62875.0,1.6248657175310655E-7
151757.0,62925.0,1.6197287777686142E-7
151757.0,62975.0,1.6147109249686764E-7
151757.0,63025.0,1.6096599608772522E-7
151757.0,63075.0,1.604640971208937E-7
151757.0,63125.0,1.5995580326944037E-7
151757.0,63175.0,1.5944756626140588E-7
151757.0,63225.0,1.589456957162838E-7
151757.0,63275.0,1.5844091194594512E-7
151757.0,63325.0,1.5795036745203106E-7
151757.0,63375.0,1.5745932557820197E-7
151757.0,63425.0,1.569682979152276E-7
151757.0,63475.0,1.564836082934562E-7
151757.0,63525.0,1.5599572122937388E-7
151757.0,63575.0,1.5551097476418363E-7
151757.0,63625.0,1.550199897337734E-7
151757.0,63675.0,1.5452914681191032E-7
151757.0,63725.0,1.5405271369672846E-7
151757.0,63775.0,1.5357856852915575E-7
151757.0,63825.0,1.5310752132791094E-7
151757.0,63875.0,1.526303492482839E-7
151757.0,63925.0,1.5215316295780212E-7
151757.0,63975.0,1.5168207312399318E-7
151757.0,64025.0,1.5120801322154875E-7
151757.0,64075.0,1.5073683812261152E-7
151757.0,64125.0,1.5026709832000051E-7
151757.0,64175.0,1.498063113558601E-7
151757.0,64225.0,1.4935150716155476E-7
151757.0,64275.0,1.4889374710946868E-7
151757.0,64325.0,1.484389855477275E-7
151757.0,64375.0,1.4797825542700593E-7
151757.0,64425.0,1.4751748267372022E-7
151757.0,64475.0,1.4706273532283376E-7
151757.0,64525.0,1.4660730585092097E-7
151757.0,64575.0,1.461621792486767E-7
151757.0,64625.0,1.457117093650595E-7
151757.0,64675.0,1.452613247465706E-7
151757.0,64725.0,1.4481666710253194E-7
151757.0,64775.0,1.4436918149840494E-7
151757.0,64825.0,1.4392450964351156E-7
151757.0,64875.0,1.4347413923587737E-7
151757.0,64925.0,1.430245362143978E-7
151757.0,64975.0,1.425937625754159E-7
151757.0,65025.0,1.421645947630168E-7
151757.0,65075.0,1.417383401758343E-7
151757.0,65125.0,1.4130631598163745E-7
151757.0,65175.0,1.408743770525689E-7
151757.0,65225.0,1.4044806562196754E-7
151757.0,65275.0,1.4001889780956844E-7
151757.0,65325.0,1.3959261480067653E-7
151757.0,65375.0,1.391646407000735E-7
151757.0,65425.0,1.3874505100375245E-7
151757.0,65475.0,1.3833110301675333E-7
151757.0,65525.0,1.3791429864795646E-7
151757.0,65575.0,1.3749746585745015E-7
151757.0,65625.0,1.3708370261156233E-7
151757.0,65675.0,1.366614270637001E-7
151757.0,65725.0,1.3624735117900855E-7
151757.0,65775.0,1.358310441901267E-7
151757.0,65825.0,1.3542441479330591E-7
151757.0,65875.0,1.350250613540993E-7
151757.0,65925.0,1.3461763614941447E-7
151757.0,65975.0,1.342184106079003E-7
151757.0,66025.0,1.3381641394971666E-7
151757.0,66075.0,1.3341443150238774E-7
151757.0,66125.0,1.3301507806318114E-7
151757.0,66175.0,1.3260780917789816E-7
151757.0,66225.0,1.3220984840245364E-7
151757.0,66275.0,1.3181814040308382E-7
151757.0,66325.0,1.3142792454345908E-7
151757.0,66375.0,1.3104035190281138E-7
151757.0,66425.0,1.3064490644865145E-7
151757.0,66475.0,1.3025724854287546E-7
151757.0,66525.0,1.298670042615413E-7
151757.0,66575.0,1.29476816823626E-7
151757.0,66625.0,1.2908915891785E-7
151757.0,66675.0,1.2869637089352182E-7
151757.0,66725.0,1.2831958429160295E-7
151757.0,66775.0,1.2794090764600696E-7
151757.0,66825.0,1.2756218836784683E-7
151757.0,66875.0,1.2718602704353543E-7
151757.0,66925.0,1.2680222027938726E-7
151757.0,66975.0,1.2642611579849472E-7
151757.0,67025.0,1.260473965203346E-7
151757.0,67075.0,1.2566870566388388E-7
151757.0,67125.0,1.2529662285487575E-7
151757.0,67175.0,1.2492830592236714E-7
151757.0,67225.0,1.245681744421745E-7
151757.0,67275.0,1.2420555606240669E-7
151757.0,67325.0,1.2384292347178416E-7
151757.0,67375.0,1.2348273514817265E-7
151757.0,67425.0,1.2311508612583566E-7
151757.0,67475.0,1.2275486938051472E-7
151757.0,67525.0,1.2239226521160163E-7
151757.0,67575.0,1.220314089778185E-7
151757.0,67625.0,1.216791645219928E-7
151757.0,67675.0,1.2132015569932264E-7
151757.0,67725.0,1.2096839441255725E-7
151757.0,67775.0,1.2061421728049027E-7
151757.0,67825.0,1.20260153835261E-7
151757.0,67875.0,1.1990833570507675E-7
151757.0,67925.0,1.195494121475349E-7
151757.0,67975.0,1.1919761533363271E-7
151757.0,68025.0,1.1884502271186648E-7
151757.0,68075.0,1.1850380587929976E-7
151757.0,68125.0,1.1816727862878906E-7
151757.0,68175.0,1.1782360331835662E-7
151757.0,68225.0,1.1748703343528177E-7
151757.0,68275.0,1.171481045503242E-7
151757.0,68325.0,1.1680915434908457E-7
151757.0,68375.0,1.1647246367374464E-7
151757.0,68425.0,1.1612890915557728E-7
151757.0,68475.0,1.1579233927250243E-7
151757.0,68525.0,1.1545706257720667E-7
151757.0,68575.0,1.1512395303725498E-7
151757.0,68625.0,1.147931882883313E-7
151757.0,68675.0,1.1445531100662265E-7
151757.0,68725.0,1.141246244173999E-7
151757.0,68775.0,1.1379161435343121E-7
151757.0,68825.0,1.1345838402121444E-7
151757.0,68875.0,1.1312741321489739E-7
151757.0,68925.0,1.1278975620143683E-7
151757.0,68975.0,1.1246304865153434E-7
151757.0,69025.0,1.1214584816343631E-7
151757.0,69075.0,1.1182920189867218E-7
151757.0,69125.0,1.1151509227147471E-7
151757.0,69175.0,1.1119402643089416E-7
151757.0,69225.0,1.1087978180057689E-7
151757.0,69275.0,1.1056332027692406E-7
151757.0,69325.0,1.1024695112382688E-7
151757.0,69375.0,1.0993277044235583E-7
151757.0,69425.0,1.0961183960489507E-7
151757.0,69475.0,1.0930343563586575E-7
151757.0,69525.0,1.0899663749341926E-7
151757.0,69575.0,1.0868987487810955E-7
151757.0,69625.0,1.0838525099643448E-7
151757.0,69675.0,1.0807414696500928E-7
151757.0,69725.0,1.0776956571589835E-7
151757.0,69775.0,1.0746278178430657E-7
151757.0,69825.0,1.0715604048527894E-7
151757.0,69875.0,1.0685141660360387E-7
151757.0,69925.0,1.0654110838004271E-7
151757.0,69975.0,1.0624427204675158E-7
151757.0,70025.0,1.0594695254440012E-7
151757.0,70075.0,1.0564968988546752E-7
151757.0,70125.0,1.0535447358961392E-7
151757.0,70175.0,1.0505294767426676E-7
151757.0,70225.0,1.0475780953811409E-7
151757.0,70275.0,1.0446049003576263E-7
151757.0,70325.0,1.0416324869311211E-7
151757.0,70375.0,1.0386801108097643E-7
151757.0,70425.0,1.0356826862789603E-7
151757.0,70475.0,1.0328314914431758E-7
151757.0,70525.0,1.0299705621719113E-7
151757.0,70575.0,1.0271103434433826E-7
151757.0,70625.0,1.0242704462370966E-7
151757.0,70675.0,1.0213688028670731E-7
151757.0,70725.0,1.0185284793351457E-7
151757.0,70775.0,1.0156681184980698E-7
151757.0,70825.0,1.0128075444981732E-7
151757.0,70875.0,1.0099671499119722E-7
151757.0,70925.0,1.0070805700479468E-7
151757.0,70975.0,1.0043206088994339E-7
151757.0,71025.0,1.0015498475013374E-7
151757.0,71075.0,9.987789439946937E-8
151757.0,71125.0,9.960277935761042E-8
151757.0,71175.0,9.932170996762579E-8
151757.0,71225.0,9.904659492576684E-8
151757.0,71275.0,9.876951168052983E-8
151757.0,71325.0,9.849240001358339E-8
151757.0,71375.0,9.821727786629708E-8
151757.0,71425.0,9.793723165785195E-8
151757.0,71475.0,9.767097708390793E-8
151757.0,71525.0,9.740450934714318E-8
151757.0,71575.0,9.713802029409635E-8
151757.0,71625.0,9.687347102271815E-8
151757.0,71675.0,9.660311661718879E-8
151757.0,71725.0,9.63385815566653E-8
151757.0,71775.0,9.607210671447319E-8
151757.0,71825.0,9.580561055599901E-8
151757.0,71875.0,9.554103286291138E-8
151757.0,71925.0,9.527083477678389E-8
151757.0,71975.0,9.50116785247701E-8
151757.0,72025.0,9.475367335198825E-8
151757.0,72075.0,9.449566107377905E-8
151757.0,72125.0,9.423952462839225E-8
151757.0,72175.0,9.397774647368351E-8
151757.0,72225.0,9.372161713372407E-8
151757.0,72275.0,9.346360485551486E-8
151757.0,72325.0,9.320559968273301E-8
151757.0,72375.0,9.294943481563678E-8
151757.0,72425.0,9.26877135043469E-8
151757.0,72475.0,9.24337228980221E-8
151757.0,72525.0,9.218365448759869E-8
151757.0,72575.0,9.193389871597901E-8
151757.0,72625.0,9.168598325004496E-8
151757.0,72675.0,9.143256818333612E-8
151757.0,72725.0,9.118465271740206E-8
151757.0,72775.0,9.093488984035503E-8
151757.0,72825.0,9.068514117416271E-8
151757.0,72875.0,9.043719018109186E-8
151757.0,72925.0,9.018381774694717E-8
151757.0,72975.0,8.99359875461414E-8
151757.0,73025.0,8.969244191803227E-8
151757.0,73075.0,8.945247031988401E-8
151757.0,73125.0,8.921428218400251E-8
151757.0,73175.0,8.897074366132074E-8
151757.0,73225.0,8.873255552543924E-8
151757.0,73275.0,8.849258392729098E-8
151757.0,73325.0,8.825261943457008E-8
151757.0,73375.0,8.801440287697915E-8
151757.0,73425.0,8.777091409228888E-8
151757.0,73475.0,8.753269753469795E-8
151757.0,73525.0,8.72935288498411E-8
151757.0,73575.0,8.706138032721356E-8
151757.0,73625.0,8.683260688258088E-8
151757.0,73675.0,8.659861805426772E-8
151757.0,73725.0,8.636983750420768E-8
151757.0,73775.0,8.613933033529975E-8
151757.0,73825.0,8.590881606096445E-8
151757.0,73875.0,8.568001419462234E-8
151757.0,73925.0,8.544608220972805E-8
151757.0,73975.0,8.521728034338594E-8
151757.0,74025.0,8.498676606905065E-8
151757.0,74075.0,8.475747392822086E-8
151757.0,74125.0,8.453674382735699E-8
151757.0,74175.0,8.431200626546342E-8
151757.0,74225.0,8.409232776784847E-8
151757.0,74275.0,8.387096528394977E-8
151757.0,74325.0,8.364960990547843E-8
151757.0,74375.0,8.34299100915814E-8
151757.0,74425.0,8.320521516225199E-8
151757.0,74475.0,8.298551534835497E-8
151757.0,74525.0,8.276415286445626E-8
151757.0,74575.0,8.254279038055756E-8
151757.0,74625.0,8.232368031713122E-8
151757.0,74675.0,8.210391655438798E-8
151757.0,74725.0,8.18899081878044E-8
151757.0,74775.0,8.16742584675012E-8
151757.0,74825.0,8.145860164177066E-8
151757.0,74875.0,8.1244571958905E-8
151757.0,74925.0,8.102567505829938E-8
151757.0,74975.0,8.081164537543373E-8
151757.0,75025.0,8.059598144427582E-8
151757.0,75075.0,8.038033882939999E-8
151757.0,75125.0,8.01662807248249E-8
151757.0,75175.0,7.994772488473245E-8
151757.0,75225.0,7.974093563234419E-8
151757.0,75275.0,7.953549641115387E-8
151757.0,75325.0,7.93300500845362E-8
151757.0,75375.0,7.912619537364662E-8
151757.0,75425.0,7.891758713185482E-8
151757.0,75475.0,7.871372531553789E-8
151757.0,75525.0,7.850827898892021E-8
151757.0,75575.0,7.830283266230254E-8
151757.0,75625.0,7.809894952970353E-8
151757.0,75675.0,7.789038392047587E-8
151757.0,75725.0,7.768650078787687E-8
151757.0,75775.0,7.748354136083435E-8
151757.0,75825.0,7.728485229563375E-8
151757.0,75875.0,7.708781879500748E-8
151757.0,75925.0,7.688614545031669E-8
151757.0,75975.0,7.668909063340834E-8
151757.0,76025.0,7.649051525504547E-8
151757.0,76075.0,7.629191145497316E-8
151757.0,76125.0,7.609485663806481E-8
151757.0,76175.0,7.589473938196534E-8
151757.0,76225.0,7.569463633672058E-8
151757.0,76275.0,7.549756020353016E-8
151757.0,76325.0,7.529924062055215E-8
151757.0,76375.0,7.510711697022998E-8
151757.0,76425.0,7.491370013212872E-8
151757.0,76475.0,7.472031882116426E-8
151757.0,76525.0,7.45299004734079E-8
151757.0,76575.0,7.433801130218853E-8
151757.0,76625.0,7.414758584900483E-8
151757.0,76675.0,7.3954197432613E-8
151757.0,76725.0,7.376083033250325E-8
151757.0,76775.0,7.357039777389218E-8
151757.0,76825.0,7.337850149724545E-8
151757.0,76875.0,7.318806183320703E-8
151757.0,76925.0,7.299563264950848E-8
151757.0,76975.0,7.280809199983196E-8
151757.0,77025.0,7.262416801268046E-8
151757.0,77075.0,7.243878030749329E-8
151757.0,77125.0,7.225482789863236E-8
151757.0,77175.0,7.206799068626424E-8
151757.0,77225.0,7.188116768475084E-8
151757.0,77275.0,7.16972152758899E-8
151757.0,77325.0,7.151183467613009E-8
151757.0,77375.0,7.132786095098709E-8
151757.0,77425.0,7.114104505490104E-8
151757.0,77475.0,7.095424336966971E-8
151757.0,77525.0,7.07717120462803E-8
151757.0,77575.0,7.059344397930545E-8
151757.0,77625.0,7.041715832656337E-8
151757.0,77675.0,7.023805892458768E-8
151757.0,77725.0,7.005895952261199E-8
151757.0,77775.0,6.98826738698699E-8
151757.0,77825.0,6.970497423708366E-8
151757.0,77875.0,6.952868147891422E-8
151757.0,77925.0,6.934959628779325E-8
151757.0,77975.0,6.917051820209963E-8
151757.0,78025.0,6.899421123307548E-8
151757.0,78075.0,6.881651870571659E-8
151757.0,78125.0,6.864112123139421E-8
151757.0,78175.0,6.846856592801487E-8
151757.0,78225.0,6.82969201193373E-8
151757.0,78275.0,6.812803121647448E-8
151757.0,78325.0,6.7957778071559E-8
151757.0,78375.0,6.778886074698676E-8
151757.0,78425.0,6.761723625459126E-8
151757.0,78475.0,6.74456401839052E-8
151757.0,78525.0,6.727672996476031E-8
151757.0,78575.0,6.71064483981354E-8
151757.0,78625.0,6.693753107356315E-8
151757.0,78675.0,6.676593500287709E-8
151757.0,78725.0,6.659446682988346E-8
151757.0,78775.0,6.643040251219645E-8
151757.0,78825.0,6.626731163805744E-8
151757.0,78875.0,6.610553526797958E-8
151757.0,78925.0,6.594112278435205E-8
151757.0,78975.0,6.577671740615187E-8
151757.0,79025.0,6.561494103607401E-8
151757.0,79075.0,6.5451850161935E-8
151757.0,79125.0,6.529006668642978E-8
151757.0,79175.0,6.512566130822961E-8
151757.0,79225.0,6.496127014088415E-8
151757.0,79275.0,6.479947955995158E-8
151757.0,79325.0,6.463638868581256E-8
151757.0,79375.0,6.447597655778736E-8
151757.0,79425.0,6.431702104237047E-8
151757.0,79475.0,6.415833553319317E-8
151757.0,79525.0,6.400222218871932E-8
151757.0,79575.0,6.38448298673211E-8
151757.0,79625.0,6.368869520656517E-8
151757.0,79675.0,6.353002390824258E-8
151757.0,79725.0,6.337135971534735E-8
151757.0,79775.0,6.321522505459143E-8
151757.0,79825.0,6.305783983862057E-8
151757.0,79875.0,6.290169807243728E-8
151757.0,79925.0,6.274303387954205E-8
151757.0,79975.0,6.258438389750154E-8
151757.0,80025.0,6.243101324798772E-8
151757.0,80075.0,6.227916315992843E-8
151757.0,80125.0,6.212854941622936E-8
151757.0,80175.0,6.197544166752778E-8
151757.0,80225.0,6.182236944596298E-8
151757.0,80275.0,6.167174149140919E-8
151757.0,80325.0,6.15198914033499E-8
151757.0,80375.0,6.136926344879612E-8
151757.0,80425.0,6.121616991094925E-8
151757.0,80475.0,6.106433403374467E-8
151757.0,80525.0,6.091125470675252E-8
151757.0,80575.0,6.076060543591666E-8
151757.0,80625.0,6.06100059030723E-8
151757.0,80675.0,6.04608061394174E-8
151757.0,80725.0,6.03154930445271E-8
151757.0,80775.0,6.016898623784073E-8
151757.0,80825.0,6.002488106560122E-8
151757.0,80875.0,5.988076878793436E-8
151757.0,80925.0,5.973425487582062E-8
151757.0,80975.0,5.9588948886357684E-8
151757.0,81025.0,5.9442452737812346E-8
151757.0,81075.0,5.9298329802004446E-8
151757.0,81125.0,5.915420331348287E-8
151757.0,81175.0,5.900771071765121E-8
151757.0,81225.0,5.886240117547459E-8
151757.0,81275.0,5.8715915685070286E-8
151757.0,81325.0,5.857483742488512E-8
151757.0,81375.0,5.843700989771605E-8
151757.0,81425.0,5.8296844684946336E-8
151757.0,81475.0,5.8157851867690624E-8
151757.0,81525.0,5.8017693760348266E-8
151757.0,81575.0,5.78798662331792E-8
151757.0,81625.0,5.774202094244174E-8
151757.0,81675.0,5.760186994052674E-8
151757.0,81725.0,5.746287712327103E-8
151757.0,81775.0,5.7322733226783384E-8
151757.0,81825.0,5.7184887936045925E-8
151757.0,81875.0,5.704703198716743E-8
151757.0,81925.0,5.6906895196107143E-8
151757.0,81975.0,5.6768755030134344E-8
151757.0,82025.0,5.6632302403158974E-8
151757.0,82075.0,5.649837220289555E-8
151757.0,82125.0,5.636443844991845E-8
151757.0,82175.0,5.622825582918267E-8
151757.0,82225.0,5.6093188760542034E-8
151757.0,82275.0,5.595700969251993E-8
151757.0,82325.0,5.5823072386829153E-8
151757.0,82375.0,5.568912442299734E-8
151757.0,82425.0,5.5552948907688915E-8
151757.0,82475.0,5.5417885391761956E-8
151757.0,82525.0,5.528172408730825E-8
151757.0,82575.0,5.5147765465335397E-8
151757.0,82625.0,5.5013810396076224E-8
151757.0,82675.0,5.488124799057914E-8
151757.0,82725.0,5.475214592820521E-8
151757.0,82775.0,5.4621956735445565E-8
151757.0,82825.0,5.449395246159838E-8
151757.0,82875.0,5.436595174046488E-8
151757.0,82925.0,5.4235762547705235E-8
151757.0,82975.0,5.4106660485331304E-8
151757.0,83025.0,5.3976481950712696E-8
151757.0,83075.0,5.384846701872448E-8
151757.0,83125.0,5.3720434323167865E-8
151757.0,83175.0,5.3590262893976615E-8
151757.0,83225.0,5.346117148974372E-8
151757.0,83275.0,5.3331014271407184E-8
151757.0,83325.0,5.320329066194063E-8
151757.0,83375.0,5.307972017476459E-8
151757.0,83425.0,5.295532190530139E-8
151757.0,83475.0,5.283195747551872E-8
151757.0,83525.0,5.270755565334184E-8
151757.0,83575.0,5.258526414309017E-8
151757.0,83625.0,5.246294776384275E-8
151757.0,83675.0,5.233855659980691E-8
151757.0,83725.0,5.2215206380878953E-8
151757.0,83775.0,5.2090808111415754E-8
151757.0,83825.0,5.196850594302305E-8
151757.0,83875.0,5.184617180020723E-8
151757.0,83925.0,5.1721791294312425E-8
151757.0,83975.0,5.159844818081183E-8
151757.0,84025.0,5.147435189201133E-8
151757.0,84075.0,5.135631653274686E-8
151757.0,84125.0,5.1239517517842614E-8
151757.0,84175.0,5.112067569257306E-8
151757.0,84225.0,5.1002857048843E-8
151757.0,84275.0,5.088402588171448E-8
151757.0,84325.0,5.07672162086692E-8
151757.0,84375.0,5.065041719376495E-8
151757.0,84425.0,5.0531582473922754E-8
151757.0,84475.0,5.041376383019269E-8
151757.0,84525.0,5.029493621577785E-8
151757.0,84575.0,5.017812654273257E-8
151757.0,84625.0,5.0061302658832574E-8
151757.0,84675.0,4.994248214984509E-8
151757.0,84725.0,4.98246848223971E-8
151757.0,84775.0,4.9708415161831E-8
151757.0,84825.0,4.9595964668469605E-8
151757.0,84875.0,4.9483539044103964E-8
151757.0,84925.0,4.936910258379612E-8
151757.0,84975.0,4.92556679887457E-8
151757.0,85025.0,4.914124573929257E-8
151757.0,85075.0,4.902881300949957E-8
151757.0,85125.0,4.8916344752569785E-8
151757.0,85175.0,4.880192250311666E-8
151757.0,85225.0,4.8688495013493593E-8
151757.0,85275.0,4.857409052760886E-8
151757.0,85325.0,4.846162937610643E-8
151757.0,85375.0,4.834914690832193E-8
151757.0,85425.0,4.8234767291432945E-8
151757.0,85475.0,4.812208231896875E-8
151757.0,85525.0,4.801160713441277E-8
151757.0,85575.0,4.7903395028470186E-8
151757.0,85625.0,4.7795175817100244E-8
151757.0,85675.0,4.7685052351198465E-8
151757.0,85725.0,4.757588456527628E-8
151757.0,85775.0,4.7465753993947146E-8
151757.0,85825.0,4.735753833529088E-8
151757.0,85875.0,4.7249308465779905E-8
151757.0,85925.0,4.713919210530548E-8
151757.0,85975.0,4.7030017213955944E-8
151757.0,86025.0,4.691991151162256E-8
151757.0,86075.0,4.68116780893979E-8
151757.0,86125.0,4.6703444667173244E-8
151757.0,86175.0,4.65933318594125E-8
151757.0,86225.0,4.648602924817169E-8
151757.0,86275.0,4.6380900897702304E-8
151757.0,86325.0,4.6277680354478434E-8
151757.0,86375.0,4.617445270582721E-8
151757.0,86425.0,4.606938119877668E-8
151757.0,86475.0,4.596522629185529E-8
151757.0,86525.0,4.58601654429458E-8
151757.0,86575.0,4.575693424158089E-8
151757.0,86625.0,4.565369593478863E-8
151757.0,86675.0,4.5548620875024426E-8
151757.0,86725.0,4.544447307353039E-8
151757.0,86775.0,4.533941933004826E-8
151757.0,86825.0,4.5236177470542316E-8
151757.0,86875.0,4.5132928505609016E-8
151757.0,86925.0,4.5027874762126885E-8
151757.0,86975.0,4.492555660817743E-8
151757.0,87025.0,4.4825284817306965E-8
151757.0,87075.0,4.472687109569051E-8
151757.0,87125.0,4.462843250507831E-8
151757.0,87175.0,4.4528217557626704E-8
151757.0,87225.0,4.442889789402216E-8
151757.0,87275.0,4.432868294657055E-8
151757.0,87325.0,4.4230255014099384E-8
151757.0,87375.0,4.413180931805982E-8
151757.0,87425.0,4.4031605028749254E-8
151757.0,87475.0,4.393227825971735E-8
151757.0,87525.0,4.383208107583414E-8
151757.0,87575.0,4.373363537979458E-8
151757.0,87625.0,4.363518613104134E-8
151757.0,87675.0,4.3534988947158126E-8
151757.0,87725.0,4.343638337900302E-8
151757.0,87775.0,4.333973535608493E-8
151757.0,87825.0,4.32451052745364E-8
151757.0,87875.0,4.3150457429419475E-8
151757.0,87925.0,4.305410072902305E-8
151757.0,87975.0,4.295860378533689E-8
151757.0,88025.0,4.2862243532226785E-8
151757.0,88075.0,4.27676063452509E-8
151757.0,88125.0,4.2672947841992936E-8
151757.0,88175.0,4.257659824702387E-8
151757.0,88225.0,4.248110130333771E-8
151757.0,88275.0,4.238475526108232E-8
151757.0,88325.0,4.2290103863251716E-8
151757.0,88375.0,4.21954382545664E-8
151757.0,88425.0,4.2099095765024686E-8
151757.0,88475.0,4.200360237405221E-8
151757.0,88525.0,4.1908975845217356E-8
151757.0,88575.0,4.181724122531705E-8
151757.0,88625.0,4.172549949998938E-8
151757.0,88675.0,4.1632084446519E-8
151757.0,88725.0,4.153950783347682E-8
151757.0,88775.0,4.1446106990861153E-8
151757.0,88825.0,4.135435816010613E-8
151757.0,88875.0,4.126260222392375E-8
151757.0,88925.0,4.1169201381308085E-8
151757.0,88975.0,4.107662121555222E-8
151757.0,89025.0,4.0983231031077594E-8
151757.0,89075.0,4.0891467989467856E-8
151757.0,89125.0,4.0799708500571796E-8
151757.0,89175.0,4.070631476338349E-8
151757.0,89225.0,4.0613741703054984E-8
151757.0,89275.0,4.0520561128687405E-8
151757.0,89325.0,4.043264567599181E-8
151757.0,89375.0,4.0346048280071045E-8
151757.0,89425.0,4.025783084671275E-8
151757.0,89475.0,4.01704269847869E-8
151757.0,89525.0,4.0082213104142284E-8
151757.0,89575.0,3.9995608602794164E-8
151757.0,89625.0,3.9909000548732365E-8
151757.0,89675.0,3.9820793773515106E-8
151757.0,89725.0,3.973338635887558E-8
151757.0,89775.0,3.9645186689085676E-8
151757.0,89825.0,3.955857152959652E-8
151757.0,89875.0,3.9471952817393685E-8
151757.0,89925.0,3.9383749594890105E-8
151757.0,89975.0,3.9296345732964255E-8
151757.0,90025.0,3.920815316860171E-8
151757.0,90075.0,3.912161616881349E-8
151757.0,90125.0,3.903782541669898E-8
151757.0,90175.0,3.89538286071911E-8
151757.0,90225.0,3.887062405283359E-8
151757.0,90275.0,3.878662369061203E-8
151757.0,90325.0,3.870420073326386E-8
151757.0,90375.0,3.862173869606522E-8
151757.0,90425.0,3.8537759650125736E-8
151757.0,90475.0,3.8454533779486155E-8
151757.0,90525.0,3.837055828626035E-8
151757.0,90575.0,3.828811756534378E-8
151757.0,90625.0,3.8205651975431465E-8
151757.0,90675.0,3.8121687140346694E-8
151757.0,90725.0,3.8038461269707113E-8
151757.0,90775.0,3.7954489329194985E-8
151757.0,90825.0,3.787204150285106E-8
151757.0,90875.0,3.7789572360225065E-8
151757.0,90925.0,3.770671597180808E-8
151757.0,90975.0,3.762675504503932E-8
151757.0,91025.0,3.7546115549957904E-8
151757.0,91075.0,3.746695398376687E-8
151757.0,91125.0,3.738781728657159E-8
151757.0,91175.0,3.730716002792178E-8
151757.0,91225.0,3.722726304999924E-8
151757.0,91275.0,3.7146623554917824E-8
151757.0,91325.0,3.706746198872679E-8
151757.0,91375.0,3.6988307527963116E-8
151757.0,91425.0,3.6907660927454344E-8
151757.0,91475.0,3.682777105495916E-8
151757.0,91525.0,3.6747131559877744E-8
151757.0,91575.0,3.666797354640039E-8
151757.0,91625.0,3.658879421664096E-8
151757.0,91675.0,3.6508168932414264E-8
151757.0,91725.0,3.642830392891483E-8
151757.0,91775.0,3.63501300171265E-8
151757.0,91825.0,3.627485867241376E-8
151757.0,91875.0,3.619958022227365E-8
151757.0,91925.0,3.6122859370379956E-8
151757.0,91975.0,3.6046863272076735E-8
151757.0,92025.0,3.597013886746936E-8
151757.0,92075.0,3.5894860417329255E-8
151757.0,92125.0,3.581958196718915E-8
151757.0,92175.0,3.5742861115295455E-8
151757.0,92225.0,3.5666861464278554E-8
151757.0,92275.0,3.5590151270525894E-8
151757.0,92325.0,3.5514858609531075E-8
151757.0,92375.0,3.5439573053963613E-8
151757.0,92425.0,3.5362859307497274E-8
151757.0,92475.0,3.528686676190773E-8
151757.0,92525.0,3.521016012086875E-8
151757.0,92575.0,3.513489943429704E-8
151757.0,92625.0,3.506156787125292E-8
151757.0,92675.0,3.4987952091114494E-8
151757.0,92725.0,3.4915032642857113E-8
151757.0,92775.0,3.484141686271869E-8
151757.0,92825.0,3.476920440448339E-8
151757.0,92875.0,3.4696977735393375E-8
151757.0,92925.0,3.462336550796863E-8
151757.0,92975.0,3.455044961242493E-8
151757.0,93025.0,3.447684449042754E-8
151757.0,93075.0,3.4404614268623845E-8
151757.0,93125.0,3.433238759953383E-8
151757.0,93175.0,3.425878603025012E-8
151757.0,93225.0,3.418586302927906E-8
151757.0,93275.0,3.411226856542271E-8
151757.0,93325.0,3.404003479090534E-8
151757.0,93375.0,3.396779746367429E-8
151757.0,93425.0,3.3894199447104256E-8
151757.0,93475.0,3.382233870752316E-8
151757.0,93525.0,3.3751707206874926E-8
151757.0,93575.0,3.368244705370671E-8
151757.0,93625.0,3.3613183347824815E-8
151757.0,93675.0,3.354259803245441E-8
151757.0,93725.0,3.347265931097354E-8
151757.0,93775.0,3.340205978474842E-8
151757.0,93825.0,3.3332817395148595E-8
151757.0,93875.0,3.3263543031125664E-8
151757.0,93925.0,3.319293995218686E-8
151757.0,93975.0,3.3123029652415426E-8
151757.0,94025.0,3.305243367890398E-8
151757.0,94075.0,3.298315576216737E-8
151757.0,94125.0,3.291390271442651E-8
151757.0,94175.0,3.284330674091507E-8
151757.0,94225.0,3.277337157214788E-8
151757.0,94275.0,3.2702807573059545E-8
151757.0,94325.0,3.2633618474164905E-8
151757.0,94375.0,3.256716496480294E-8
151757.0,94425.0,3.2500693691872584E-8
151757.0,94475.0,3.243489032911384E-8
151757.0,94525.0,3.236842971432452E-8
151757.0,94575.0,3.230326939274164E-8
151757.0,94625.0,3.223810551844508E-8
151757.0,94675.0,3.217164845636944E-8
151757.0,94725.0,3.2105848646324375E-8
151757.0,94775.0,3.203939513696241E-8
151757.0,94825.0,3.197421705181114E-8
151757.0,94875.0,3.190904607208722E-8
151757.0,94925.0,3.184259611543894E-8
151757.0,94975.0,3.1776785647252836E-8
151757.0,95025.0,3.171034279603191E-8
151757.0,95075.0,3.164517181630799E-8
151757.0,95125.0,3.157999373115672E-8
151757.0,95175.0,3.1513547327222113E-8
151757.0,95225.0,3.144778304431384E-8
151757.0,95275.0,3.1382455745188054E-8
151757.0,95325.0,3.131883730134177E-8
151757.0,95375.0,3.125521885749549E-8
151757.0,95425.0,3.119033920029324E-8
151757.0,95475.0,3.112609903155317E-8
151757.0,95525.0,3.106122647977827E-8
151757.0,95575.0,3.099760093050463E-8
151757.0,95625.0,3.0933975381230994E-8
151757.0,95675.0,3.086911704031081E-8
151757.0,95725.0,3.0804869766143383E-8
151757.0,95775.0,3.0740004319795844E-8
151757.0,95825.0,3.067637166509485E-8
151757.0,95875.0,3.0612735457680174E-8
151757.0,95925.0,3.054787711675999E-8
151757.0,95975.0,3.0483629842592563E-8
151757.0,96025.0,3.0418785712527097E-8
151757.0,96075.0,3.03551530578261E-8
151757.0,96125.0,3.029149908684303E-8
151757.0,96175.0,3.0228289205069814E-8
151757.0,96225.0,3.016787886167549E-8
151757.0,96275.0,3.0106875215096807E-8
151757.0,96325.0,3.004709014930995E-8
151757.0,96375.0,2.998729087266838E-8
151757.0,96425.0,2.9926297884230735E-8
151757.0,96475.0,2.9865901751691126E-8
151757.0,96525.0,2.98049052105398E-8
151757.0,96575.0,2.974510593389823E-8
151757.0,96625.0,2.96853084336135E-8
151757.0,96675.0,2.9624315445175853E-8
151757.0,96725.0,2.9563917536279405E-8
151757.0,96775.0,2.9502935205982794E-8
151757.0,96825.0,2.9443127047557027E-8
151757.0,96875.0,2.938331711277442E-8
151757.0,96925.0,2.932233300612097E-8
151757.0,96975.0,2.9261936873581362E-8
151757.0,97025.0,2.920095631964159E-8
151757.0,97075.0,2.9141244084485152E-8
151757.0,97125.0,2.908367058296335E-8
151757.0,97175.0,2.9025809311633566E-8
151757.0,97225.0,2.8968523579919747E-8
151757.0,97275.0,2.8910664084946802E-8
151757.0,97325.0,2.8853959221919467E-8
151757.0,97375.0,2.8797249029821614E-8
151757.0,97425.0,2.873938953484867E-8
151757.0,97475.0,2.868210380313485E-8
151757.0,97525.0,2.8624254966302942E-8
151757.0,97575.0,2.856753766877773E-8
151757.0,97625.0,2.851082570032304E-8
151757.0,97675.0,2.845297508713429E-8
151757.0,97725.0,2.8395685802706794E-8
151757.0,97775.0,2.8337840518588564E-8
151757.0,97825.0,2.8281123221063353E-8
151757.0,97875.0,2.8224402370824464E-8
151757.0,97925.0,2.8166549981278877E-8
151757.0,97975.0,2.8109267802278737E-8
151757.0,98025.0,2.8051486467006725E-8
151757.0,98075.0,2.7996460261192624E-8
151757.0,98125.0,2.7942194336105786E-8
151757.0,98175.0,2.7886805753496446E-8
151757.0,98225.0,2.7831978499648358E-8
151757.0,98275.0,2.7776597022466376E-8
151757.0,98325.0,2.772232399195218E-8
151757.0,98375.0,2.7668052737794824E-8
151757.0,98425.0,2.7612669484256003E-8
151757.0,98475.0,2.7557840454051075E-8
151757.0,98525.0,2.750246608229645E-8
151757.0,98575.0,2.7448184169998058E-8
151757.0,98625.0,2.7393909363127023E-8
151757.0,98675.0,2.733852788594504E-8
151757.0,98725.0,2.728370596116747E-8
151757.0,98775.0,2.7228329813056007E-8
151757.0,98825.0,2.7174047900757614E-8
151757.0,98875.0,2.7119762435745542E-8
151757.0,98925.0,2.7064391616704597E-8
151757.0,98975.0,2.700956436285651E-8
151757.0,99025.0,2.695512257844257E-8
151757.0,99075.0,2.6903656191734626E-8
151757.0,99125.0,2.6852246648445544E-8
151757.0,99175.0,2.6799757080198106E-8
151757.0,99225.0,2.6747812853500363E-8
151757.0,99275.0,2.6695330390680283E-8
151757.0,99325.0,2.6643915518320682E-8
151757.0,99375.0,2.6592495316890563E-8
151757.0,99425.0,2.6540012854070483E-8
151757.0,99475.0,2.648806862737274E-8
151757.0,99525.0,2.6435593269980018E-8
151757.0,99575.0,2.6384174844906738E-8
151757.0,99625.0,2.63327493144061E-8
151757.0,99675.0,2.6280273957013378E-8
151757.0,99725.0,2.6228324401245118E-8
151757.0,99775.0,2.6175852596566074E-8
151757.0,99825.0,2.6124428842422276E-8
151757.0,99875.0,2.607299620649428E-8
151757.0,99925.0,2.6020527954528916E-8
151757.0,99975.0,2.5968576622403816E-8
151757.0,100125.0,2.581840519155776E-8
151757.0,100375.0,2.5570010109277064E-8
151757.0,100625.0,2.532161147428269E-8
151757.0,100875.0,2.5073212839288317E-8
151757.0,101125.0,2.4829871492215716E-8
151757.0,101375.0,2.459244186070464E-8
151757.0,101625.0,2.43550228873346E-8
151757.0,101875.0,2.411760213760772E-8
151757.0,102125.0,2.38846791233982E-8
151757.0,102375.0,2.3659925574293084E-8
151757.0,102625.0,2.3435346108158228E-8
151757.0,102875.0,2.3210763089309694E-8
151757.0,103125.0,2.2988185577332843E-8
151757.0,103375.0,2.2773031460587845E-8
151757.0,103625.0,2.2558571899367053E-8
151757.0,103875.0,2.234411589085994E-8
151757.0,104125.0,2.2130313581669725E-8
151757.0,104375.0,2.1925055548877026E-8
151757.0,104625.0,2.172242830056348E-8
151757.0,104875.0,2.1519797499536253E-8
151757.0,105125.0,2.1317170251222706E-8
151757.0,105375.0,2.1118724546909107E-8
151757.0,105625.0,2.0925401855720338E-8
151757.0,105875.0,2.0732093375386285E-8
151757.0,106125.0,2.053878489505223E-8
151757.0,106375.0,2.0346664797443736E-8
151757.0,106625.0,2.016269640137125E-8
151757.0,106875.0,1.9980266330321683E-8
151757.0,107125.0,1.9797832706558438E-8
151757.0,107375.0,1.9615402635508872E-8
151757.0,107625.0,1.9436383169590954E-8
151757.0,107875.0,1.9262468953229472E-8
151757.0,108125.0,1.9088604474859494E-8
151757.0,108375.0,1.8914739996489516E-8
151757.0,108625.0,1.8741109997222338E-8
151757.0,108875.0,1.857417153416918E-8
151757.0,109125.0,1.841029551030715E-8
151757.0,109375.0,1.824641593373144E-8
151757.0,109625.0,1.808253813351257E-8
151757.0,109875.0,1.7919415284950446E-8
151757.0,110125.0,1.776216329574254E-8
151757.0,110375.0,1.7606145874538015E-8
151757.0,110625.0,1.7450124900619812E-8
151757.0,110875.0,1.729410392670161E-8
151757.0,111125.0,1.713949693282757E-8
151757.0,111375.0,1.699172536007154E-8
151757.0,111625.0,1.684485617658993E-8
151757.0,111875.0,1.6697988769465155E-8
151757.0,112125.0,1.6551119585983542E-8
151757.0,112375.0,1.6405623526338786E-8
151757.0,112625.0,1.6266623603655717E-8
151757.0,112875.0,1.6128460345044004E-8
151757.0,113125.0,1.5990291757361774E-8
151757.0,113375.0,1.5852126722393223E-8
151757.0,113625.0,1.5714515910758564E-8
151757.0,113875.0,1.5580939205506183E-8
151757.0,114125.0,1.5448163637188372E-8
151757.0,114375.0,1.5315386292513722E-8
151757.0,114625.0,1.518261072419591E-8
151757.0,114875.0,1.5050082069478776E-8
151757.0,115125.0,1.4923935864885607E-8
151757.0,115375.0,1.4800582981422394E-8
151757.0,115625.0,1.4677231874316021E-8
151757.0,115875.0,1.4553879879031228E-8
151757.0,116125.0,1.4430526107389596E-8
151757.0,116375.0,1.4309096130205035E-8
151757.0,116625.0,1.4190630004407012E-8
151757.0,116875.0,1.4072197629388938E-8
151757.0,117125.0,1.3953766142549284E-8
151757.0,117375.0,1.3835331991174371E-8
151757.0,117625.0,1.3717627922460451E-8
151757.0,117875.0,1.3606302751156818E-8
151757.0,118125.0,1.3496465278706182E-8
151757.0,118375.0,1.3386626029898707E-8
151757.0,118625.0,1.3276786781091232E-8
151757.0,118875.0,1.3166947532283757E-8
151757.0,119125.0,1.3058966352730295E-8
151757.0,119375.0,1.2954703088041697E-8
151757.0,119625.0,1.2850543740228204E-8
151757.0,119875.0,1.2746384392414711E-8
151757.0,120125.0,1.26422197155307E-8
151757.0,120375.0,1.2538066584966145E-8
151757.0,120625.0,1.2437664231867984E-8
151757.0,120875.0,1.2340093391571827E-8
151757.0,121125.0,1.2242526992167768E-8
151757.0,121375.0,1.2144956151871611E-8
151757.0,121625.0,1.2047388864289132E-8
151757.0,121875.0,1.1949897071872329E-8
151757.0,122125.0,1.185508580192618E-8
151757.0,122375.0,1.1761592588754866E-8
151757.0,122625.0,1.1668101151940391E-8
151757.0,122875.0,1.1574608826947497E-8
151757.0,123125.0,1.1481116501954602E-8
151757.0,123375.0,1.1387728982015233E-8
151757.0,123625.0,1.1298907587331541E-8
151757.0,123875.0,1.1212512696090471E-8
151757.0,124125.0,1.11261178048494E-8
151757.0,124375.0,1.103972113725149E-8
151757.0,124625.0,1.095332624601042E-8
151757.0,124875.0,1.0866932242947769E-8
151757.0,125125.0,1.0782875037307349E-8
151757.0,125375.0,1.0701158181802839E-8
151757.0,125625.0,1.0619442214476749E-8
151757.0,125875.0,1.05377235826154E-8
151757.0,126125.0,1.0456008503467729E-8
151757.0,126375.0,1.037428898342796E-8
151757.0,126625.0,1.0293581986786648E-8
151757.0,126875.0,1.0216113288663564E-8
151757.0,127125.0,1.0138886175070638E-8
151757.0,127375.0,1.0061652844228774E-8
151757.0,127625.0,9.984426618814268E-9
151757.0,127875.0,9.907198617042923E-9
151757.0,128125.0,9.830028346868858E-9
151757.0,128375.0,9.756869090438158E-9
151757.0,128625.0,9.685715340879142E-9
151757.0,128875.0,9.614561591320125E-9
151757.0,129125.0,9.543407841761109E-9
151757.0,129375.0,9.472253204023673E-9
151757.0,129625.0,9.401098566286237E-9
151757.0,129875.0,9.330369366011837E-9
151757.0,130125.0,9.261998279441741E-9
151757.0,130375.0,9.193991346023722E-9
151757.0,130625.0,9.125983524427284E-9
151757.0,130875.0,9.057976591009265E-9
151757.0,131125.0,8.989968769412826E-9
151757.0,131375.0,8.921960947816387E-9
151757.0,131625.0,8.855049138389859E-9
151757.0,131875.0,8.791490202497698E-9
151757.0,132125.0,8.728164857529919E-9
151757.0,132375.0,8.66483862438372E-9
151757.0,132625.0,8.60151327941594E-9
151757.0,132875.0,8.53818704626974E-9
151757.0,133125.0,8.474860813123541E-9
151757.0,133375.0,8.412347263231368E-9
151757.0,133625.0,8.352473379602543E-9
151757.0,133875.0,8.29280288883183E-9
151757.0,134125.0,8.233132398061116E-9
151757.0,134375.0,8.173461907290402E-9
151757.0,134625.0,8.11379052834127E-9
151757.0,134875.0,8.054120037570556E-9
151757.0,135125.0,7.994893636009692E-9
151757.0,135375.0,7.938820267838764E-9
151757.0,135625.0,7.883360630955849E-9
151757.0,135875.0,7.827902770429773E-9
151757.0,136125.0,7.772443133546858E-9
151757.0,136375.0,7.716985273020782E-9
151757.0,136625.0,7.661526524316287E-9
151757.0,136875.0,7.60607221650389E-9
151757.0,137125.0,7.55243156902452E-9
151757.0,137375.0,7.500258192294496E-9
151757.0,137625.0,7.448083927386051E-9
151757.0,137875.0,7.395909662477607E-9
151757.0,138125.0,7.343736285747582E-9
151757.0,138375.0,7.291562020839137E-9
151757.0,138625.0,7.239387755930693E-9
151757.0,138875.0,7.187650474804741E-9
151757.0,139125.0,7.139214996954024E-9
151757.0,139375.0,7.091461196040427E-9
151757.0,139625.0,7.04370739512683E-9
151757.0,139875.0,6.995953594213233E-9
151757.0,140125.0,6.948199349210427E-9
151757.0,140375.0,6.90044466011841E-9
151757.0,140625.0,6.852689971026393E-9
151757.0,140875.0,6.805373597984499E-9
151757.0,141125.0,6.7597385466910964E-9
151757.0,141375.0,6.7142682524945485E-9
151757.0,141625.0,6.668797958298001E-9
151757.0,141875.0,6.6233281081906625E-9
151757.0,142125.0,6.577857369904905E-9
151757.0,142375.0,6.532387519797567E-9
151757.0,142625.0,6.486917225601019E-9
151757.0,142875.0,6.441998490203105E-9
151757.0,143125.0,6.39959907289267E-9
151757.0,143375.0,6.35751007393992E-9
151757.0,143625.0,6.315420630897961E-9
151757.0,143875.0,6.273331187856002E-9
151757.0,144125.0,6.231242632992462E-9
151757.0,144375.0,6.1891531899505026E-9
151757.0,144625.0,6.147063302819333E-9
151757.0,144875.0,6.105107086540329E-9
151757.0,145125.0,6.065388635789759E-9
151757.0,145375.0,6.0264691015277094E-9
151757.0,145625.0,5.98754956726566E-9
151757.0,145875.0,5.94863003300361E-9
151757.0,146125.0,5.9097104987415605E-9
151757.0,146375.0,5.870790964479511E-9
151757.0,146625.0,5.831870986128251E-9
151757.0,146875.0,5.792951451866202E-9
151757.0,147125.0,5.754750898034899E-9
151757.0,147375.0,5.718223228257102E-9
151757.0,147625.0,5.681763504128412E-9
151757.0,147875.0,5.645303779999722E-9
151757.0,148125.0,5.608844055871032E-9
151757.0,148375.0,5.572383887653132E-9
151757.0,148625.0,5.535924163524442E-9
151757.0,148875.0,5.499463995306542E-9
151757.0,149125.0,5.4630042711778515E-9
151757.0,149375.0,5.427913229993919E-9
151757.0,149625.0,5.394274360526197E-9
151757.0,149875.0,5.360635935147684E-9
151757.0,150125.0,5.326997509769171E-9
151757.0,150375.0,5.293359084390659E-9
151757.0,150625.0,5.259720659012146E-9
151757.0,150875.0,5.226081789544423E-9
151757.0,151125.0,5.192443364165911E-9
151757.0,151375.0,5.158804494698188E-9
151757.0,151625.0,5.125932123206667E-9
151757.0,151875.0,5.094026089835779E-9
151757.0,152125.0,5.06212360917857E-9
151757.0,152375.0,5.030221128521362E-9
151757.0,152625.0,4.998318647864153E-9
151757.0,152875.0,4.966415723117734E-9
151757.0,153125.0,4.934513242460525E-9
151757.0,153375.0,4.902610317714107E-9
151757.0,153625.0,4.870707392967688E-9
151757.0,153875.0,4.83936668516094E-9
151757.0,154125.0,4.810211340355863E-9
151757.0,154375.0,4.781275819709663E-9
151757.0,154625.0,4.752340299063462E-9
151757.0,154875.0,4.723404778417262E-9
151757.0,155125.0,4.694469257771061E-9
151757.0,155375.0,4.665533737124861E-9
151757.0,155625.0,4.63659777238945E-9
151757.0,155875.0,4.60766180765404E-9
151757.0,156125.0,4.578726287007839E-9
151757.0,156375.0,4.550758436749902E-9
151757.0,156625.0,4.523759589147858E-9
151757.0,156875.0,4.4967602974566034E-9
151757.0,157125.0,4.469761005765349E-9
151757.0,157375.0,4.442761714074095E-9
151757.0,157625.0,4.415762422382841E-9
151757.0,157875.0,4.388763130691586E-9
151757.0,158125.0,4.361763839000332E-9
151757.0,158375.0,4.334764547309078E-9
151757.0,158625.0,4.307772361045181E-9
151757.0,158875.0,4.282047161296987E-9
151757.0,159125.0,4.257259877959996E-9
151757.0,159375.0,4.232472594623005E-9
151757.0,159625.0,4.207684867196804E-9
151757.0,159875.0,4.1828975838598126E-9
151757.0,160125.0,4.1580774379212926E-9
151757.0,160375.0,4.133289266405882E-9
151757.0,160625.0,4.108501538979681E-9
151757.0,160875.0,4.08371425564269E-9
151757.0,161125.0,4.058926972305699E-9
151757.0,161375.0,4.034740097580425E-9
151757.0,161625.0,4.011636800527185E-9
151757.0,161875.0,3.988556596112858E-9
151757.0,162125.0,3.96547639169853E-9
151757.0,162375.0,3.942396631373413E-9
151757.0,162625.0,3.919316871048295E-9
151757.0,162875.0,3.896237554812387E-9
151757.0,163125.0,3.873158682665689E-9
151757.0,163375.0,3.850080254608201E-9
151757.0,163625.0,3.827001826550713E-9
151757.0,163875.0,3.803986459161024E-9
151757.0,164125.0,3.78222786423521E-9
151757.0,164375.0,3.76096309651075E-9
151757.0,164625.0,3.739700549232339E-9
151757.0,164875.0,3.7184346712848537E-9
151757.0,165125.0,3.6971730121848623E-9
151757.0,165375.0,3.6759091326388216E-9
151757.0,165625.0,3.654645031048176E-9
151757.0,165875.0,3.633384704215814E-9
151757.0,166125.0,3.6121203805805635E-9
151757.0,166375.0,3.590859165569782E-9
151757.0,166625.0,3.5696916533822787E-9
151757.0,166875.0,3.549748495146332E-9
151757.0,167125.0,3.530182590694153E-9
151757.0,167375.0,3.510617130331184E-9
151757.0,167625.0,3.4910521140574247E-9
151757.0,167875.0,3.4714870977836654E-9
151757.0,168125.0,3.451922525599116E-9
151757.0,168375.0,3.4323579534145665E-9
151757.0,168625.0,3.412793825319227E-9
151757.0,168875.0,3.3932299192684923E-9
151757.0,169125.0,3.3736660132177576E-9
151757.0,169375.0,3.3541034394346525E-9
151757.0,169625.0,3.3353544370839927E-9
151757.0,169875.0,3.3173179758705373E-9
151757.0,170125.0,3.299281958746292E-9
151757.0,170375.0,3.2812461636666512E-9
151757.0,170625.0,3.2632103685870106E-9
151757.0,170875.0,3.24517501759658E-9
151757.0,171125.0,3.227139666606149E-9
151757.0,171375.0,3.2091047597049283E-9
151757.0,171625.0,3.1910700748483123E-9
151757.0,171875.0,3.1730353899916963E-9
151757.0,172125.0,3.15500114922429E-9
151757.0,172375.0,3.1370552822096442E-9
151757.0,172625.0,3.1201869976626995E-9
151757.0,172875.0,3.103637125079217E-9
151757.0,173125.0,3.0870879186295497E-9
151757.0,173375.0,3.0705384901352772E-9
151757.0,173625.0,3.0539895057302147E-9
151757.0,173875.0,3.037440743369757E-9
151757.0,174125.0,3.0208919810092993E-9
151757.0,174375.0,3.0043436627380515E-9
151757.0,174625.0,2.9877953444668037E-9
151757.0,174875.0,2.9712474702847658E-9
151757.0,175125.0,2.954699596102728E-9
151757.0,175375.0,2.9381921340387862E-9
151757.0,175625.0,2.922598385524111E-9
151757.0,175875.0,2.907384333283858E-9
151757.0,176125.0,2.8921700589989996E-9
151757.0,176375.0,2.876956450847956E-9
151757.0,176625.0,2.8617428426969127E-9
151757.0,176875.0,2.8465292345458693E-9
151757.0,177125.0,2.8313160704840357E-9
151757.0,177375.0,2.816102906422202E-9
151757.0,177625.0,2.8008901864495783E-9
151757.0,177875.0,2.7856772444323497E-9
151757.0,178125.0,2.7704649685489358E-9
151757.0,178375.0,2.755252470620917E-9
151757.0,178625.0,2.7403759261801497E-9
151757.0,178875.0,2.7264259738757346E-9
151757.0,179125.0,2.7125297563657114E-9
151757.0,179375.0,2.698633760900293E-9
151757.0,179625.0,2.6847379874794797E-9
151757.0,179875.0,2.6708422140586663E-9
151757.0,180125.0,2.6569468847270628E-9
151757.0,180375.0,2.6430515553954592E-9
151757.0,180625.0,2.6291564481084606E-9
151757.0,180875.0,2.615261340821462E-9
151757.0,181125.0,2.6013664555790683E-9
151757.0,181375.0,2.5874720144258845E-9
151757.0,181625.0,2.5735773512280957E-9
151757.0,181875.0,2.5599833364253755E-9
151757.0,182125.0,2.5471815767730277E-9
151757.0,182375.0,2.5344222276402206E-9
151757.0,182625.0,2.5216631005520185E-9
151757.0,182875.0,2.5089041955084213E-9
151757.0,183125.0,2.496145290464824E-9
151757.0,183375.0,2.4833866074658317E-9
151757.0,183625.0,2.4706281465114444E-9
151757.0,183875.0,2.457869685557057E-9
151757.0,184125.0,2.4451114466472745E-9
151757.0,184375.0,2.432353429782097E-9
151757.0,184625.0,2.4195956349615244E-9
151757.0,184875.0,2.406837840140952E-9
151757.0,185125.0,2.3941177929032165E-9
151757.0,185375.0,2.3821733474704843E-9
151757.0,185625.0,2.370536655860178E-9
151757.0,185875.0,2.358899964249872E-9
151757.0,186125.0,2.347263272639566E-9
151757.0,186375.0,2.3356270251184696E-9
151757.0,186625.0,2.3239905555527685E-9
151757.0,186875.0,2.312354530076277E-9
151757.0,187125.0,2.3007185045997858E-9
151757.0,187375.0,2.2890824791232944E-9
151757.0,187625.0,2.277446897736013E-9
151757.0,187875.0,2.2658113163487315E-9
151757.0,188125.0,2.25417573496145E-9
151757.0,188375.0,2.2425405976633783E-9
151757.0,188625.0,2.230946094528008E-9
151757.0,188875.0,2.2200692395557553E-9
151757.0,189125.0,2.209454619261919E-9
151757.0,189375.0,2.198840221012688E-9
151757.0,189625.0,2.1882260448080615E-9
151757.0,189875.0,2.17761209064804E-9
151757.0,190125.0,2.1669979144434137E-9
151757.0,190375.0,2.1563841823279972E-9
151757.0,190625.0,2.145770228167976E-9
151757.0,190875.0,2.1351567180971642E-9
151757.0,191125.0,2.1245432080263527E-9
151757.0,191375.0,2.113929697955541E-9
151757.0,191625.0,2.1033164099293344E-9
151757.0,191875.0,2.0927033439477327E-9
151757.0,192125.0,2.082090277966131E-9
151757.0,192375.0,2.0717576543205496E-9
151757.0,192625.0,2.0620665175385966E-9
151757.0,192875.0,2.05240091588621E-9
151757.0,193125.0,2.0427355362784283E-9
151757.0,193375.0,2.0330701566706466E-9
151757.0,193625.0,2.023404777062865E-9
151757.0,193875.0,2.013739619499688E-9
151757.0,194125.0,2.0040746839811163E-9
151757.0,194375.0,1.9944095264179396E-9
151757.0,194625.0,1.9847448129439726E-9
151757.0,194875.0,1.9750800994700057E-9
151757.0,195125.0,1.965415385996039E-9
151757.0,195375.0,1.955750894566677E-9
151757.0,195625.0,1.946086403137315E-9
151757.0,195875.0,1.9364221337525578E-9
151757.0,196125.0,1.926964587894986E-9
151757.0,196375.0,1.918134984180142E-9
151757.0,196625.0,1.9093486791632586E-9
151757.0,196875.0,1.90056259619098E-9
151757.0,197125.0,1.8917767352633064E-9
151757.0,197375.0,1.882990430246423E-9
151757.0,197625.0,1.8742045693187492E-9
151757.0,197875.0,1.8654189304356805E-9
151757.0,198125.0,1.8566332915526118E-9
151757.0,198375.0,1.847847652669543E-9
151757.0,198625.0,1.8390621248087768E-9
151757.0,198875.0,1.8302768189926155E-9
151757.0,199125.0,1.8214916241987567E-9
151757.0,199375.0,1.8127063183825953E-9
151757.0,199625.0,1.803921234611039E-9
151757.0,199875.0,1.795136261861785E-9
